[{"model": "mainapp.productcategory", "pk": 2, "fields": {"name": "\u0434\u043e\u043c", "description": "\u043c\u0435\u0431\u0435\u043b\u044c \u0434\u043b\u044f \u0434\u043e\u043c\u0430", "is_active": true}}, {"model": "mainapp.productcategory", "pk": 3, "fields": {"name": "\u043e\u0444\u0438\u0441", "description": "\u043c\u0435\u0431\u0435\u043b\u044c \u0434\u043b\u044f \u043e\u0444\u0438\u0441\u0430", "is_active": true}}, {"model": "mainapp.productcategory", "pk": 4, "fields": {"name": "\u043c\u043e\u0434\u0435\u0440\u043d", "description": "\u043c\u0435\u0431\u0435\u043b\u044c \u0432 \u0441\u0442\u0438\u043b\u0435 \u043c\u043e\u0434\u0435\u0440\u043d.", "is_active": true}}, {"model": "mainapp.productcategory", "pk": 5, "fields": {"name": "\u043a\u043b\u0430\u0441\u0441\u0438\u043a\u0430", "description": "\u043a\u043b\u0430\u0441\u0441\u0438\u0447\u0435\u0441\u043a\u0430\u044f \u043c\u0435\u0431\u0435\u043b\u044c", "is_active": true}}, {"model": "mainapp.productcategory", "pk": 6, "fields": {"name": "\u0411\u0443\u043d\u0433\u0430\u043b\u043e", "description": "\u0432 \u0441\u0442\u0438\u043b\u0435 \u0431\u0443\u043d\u0433\u0430\u043b\u043e", "is_active": false}}, {"model": "mainapp.product", "pk": 6, "fields": {"category": 2, "name": "\u043a\u043e\u043c\u0444\u043e\u0440\u0442 1", "image": "product_images/product-21_zRYyNBr_8n9ZIEU_my4N4gL.jpg", "short_desc": "\u043a\u043e\u043c\u0444\u043e\u0440\u0442\u043d\u044b\u0439 \u0441\u0442\u0443\u043b", "description": "\u043f\u043e\u0434\u043e\u0439\u0434\u0451\u0442 \u0434\u043b\u044f \u043f\u0440\u043e\u0441\u043c\u043e\u0442\u0440\u0430 \u0444\u0438\u043b\u044c\u043c\u043e\u0432", "price": "1799.75", "quantity": 2, "is_active": true}}, {"model": "mainapp.product", "pk": 7, "fields": {"category": 2, "name": "\u043a\u043e\u043c\u0444\u043e\u0440\u0442 2", "image": "product_images/sc-026-krasny_xJLEnZE_WEOkLnH.jpg", "short_desc": "\u043e\u0447\u0435\u043d\u044c \u043a\u043e\u043c\u0444\u043e\u0440\u0442\u043d\u044b\u0439 \u0441\u0442\u0443\u043b", "description": "\u043f\u043e\u0434\u043e\u0439\u0434\u0451\u0442 \u0434\u043b\u044f \u043e\u0431\u0449\u0435\u043d\u0438\u044f \u0441 \u043b\u0443\u0447\u0448\u0438\u043c\u0438 \u0434\u0440\u0443\u0437\u044c\u044f\u043c\u0438", "price": "1844.50", "quantity": 10, "is_active": true}}, {"model": "mainapp.product", "pk": 8, "fields": {"category": 2, "name": "\u043b\u044e\u043a\u0441", "image": "product_images/scaun-modern_VbsJMLV.jpg", "short_desc": "\u0438\u0441\u043f\u043e\u043b\u044c\u0437\u043e\u0432\u0430\u043d\u044b \u043f\u0440\u0435\u043c\u0438\u0430\u043b\u044c\u043d\u044b\u0435 \u043c\u0430\u0442\u0435\u0440\u0438\u0430\u043b\u044b", "description": "\u0434\u043b\u044f \u0442\u0435\u0445,\u043a\u0442\u043e \u0441\u0442\u0440\u0435\u043c\u0438\u0442\u0441\u044f \u043a \u043b\u0443\u0447\u0448\u0435\u043c\u0443", "price": "4075.28", "quantity": 7, "is_active": true}}, {"model": "mainapp.product", "pk": 9, "fields": {"category": 3, "name": "\u0441\u0442\u0430\u043d\u0434\u0430\u0440\u0442", "image": "product_images/stul_YaCDvFH_Mg72vwo.jpg", "short_desc": "\u0443\u043d\u0438\u0432\u0435\u0440\u0441\u0430\u043b\u044c\u043d\u043e\u0435 \u0440\u0435\u0448\u0435\u043d\u0438\u0435", "description": "\u043f\u043e\u0434\u043e\u0439\u0434\u0451\u0442 \u0434\u043b\u044f \u043b\u044e\u0431\u043e\u0433\u043e \u043e\u0444\u0438\u0441\u0430", "price": "189.25", "quantity": 29, "is_active": true}}, {"model": "mainapp.product", "pk": 10, "fields": {"category": 3, "name": "\u043f\u0440\u0435\u043c\u0438\u0443\u043c", "image": "product_images/stul-dc3503-1_NGdr0Pe_uEems2P.jpg", "short_desc": "\u0435\u0449\u0451 \u043a\u0440\u0430\u0441\u0438\u0432\u044b\u0439 \u0441\u0442\u0443\u043b", "description": "\u043e\u0447\u0435\u043d\u044c \u043a\u0440\u0430\u0441\u0438\u0432\u044b\u0439 \u0441\u0442\u0443\u043b", "price": "1750.25", "quantity": 25, "is_active": true}}, {"model": "mainapp.product", "pk": 11, "fields": {"category": 4, "name": "\u043d\u043e\u0432\u0438\u043d\u043a\u0430", "image": "product_images/product-61.jpg", "short_desc": "\u0432\u0430\u0437\u0430", "description": "\u0434\u043b\u044f \u043a\u0443\u0445\u043d\u0438", "price": "8999.00", "quantity": 18, "is_active": true}}, {"model": "mainapp.product", "pk": 12, "fields": {"category": 5, "name": "\u043f\u0440\u043e\u0433\u0440\u0435\u0441\u0441", "image": "product_images/product-4-sm.jpg", "short_desc": "\u0447\u0430\u0441\u044b \u043d\u0430\u0441\u0442\u0435\u043d\u043d\u044b\u0435", "description": "\u0447\u0430\u0441\u044b \u0432 \u0441\u0442\u0438\u043b\u0435 \u043c\u0438\u043d\u0438\u043c\u0430\u043b\u0438\u0437\u043c", "price": "1980.00", "quantity": 56, "is_active": true}}, {"model": "mainapp.product", "pk": 14, "fields": {"category": 5, "name": "\u0442\u043e\u0441\u043a\u0430\u043d\u0430", "image": "product_images/product-31.jpg", "short_desc": "\u043b\u0430\u043c\u043f\u0430 \u043d\u0430\u0441\u0442\u043e\u043b\u044c\u043d\u0430\u044f", "description": "\u043a\u0440\u0430\u0441\u0438\u0432\u0430\u044f \u043b\u0430\u043c\u043f\u0430 \u043d\u0430\u0441\u0442\u043e\u043b\u044c\u043d\u0430\u044f", "price": "15200.35", "quantity": 13, "is_active": true}}, {"model": "mainapp.product", "pk": 15, "fields": {"category": 5, "name": "\u0440\u0438\u043c", "image": "product_images/product-51.jpg", "short_desc": "\u0432\u0430\u0437\u0430", "description": "\u0432\u0430\u0437\u0430 \u0447\u0451\u0440\u043d\u0430\u044f", "price": "2300.00", "quantity": 13, "is_active": true}}, {"model": "mainapp.product", "pk": 16, "fields": {"category": 4, "name": "\u043c\u0430\u0434\u0435\u0439\u0440\u0430", "image": "product_images/product-41_8rO0CqU.jpg", "short_desc": "\u043b\u0430\u043c\u043f\u0430 \u043d\u0430\u0441\u0442\u0435\u043d\u043d\u0430\u044f", "description": "\u043b\u0430\u043c\u043f\u0430 \u0440\u043e\u0436\u043a\u043e\u0432\u0430\u044f \u0432 \u0441\u0442\u0438\u043b\u0435 \u043c\u0438\u043d\u0438\u043c\u0430\u043b\u0438\u0437\u043c", "price": "5600.00", "quantity": 12, "is_active": true}}, {"model": "mainapp.product", "pk": 17, "fields": {"category": 5, "name": "\u0432\u0435\u043d\u0435\u0446\u0438\u044f", "image": "product_images/product-11_7v0oNyv.jpg", "short_desc": "\u043b\u0430\u043c\u043f\u0430 \u043f\u043e\u0442\u043e\u043b\u043e\u0447\u043d\u0430\u044f", "description": "\u043b\u0430\u043c\u043f\u0430 \u043f\u043e\u0442\u043e\u043b\u043e\u0447\u043d\u0430\u044f \u0432\u0435\u043d\u0435\u0446\u0438\u044f", "price": "5666.25", "quantity": 18, "is_active": true}}, {"model": "mainapp.product", "pk": 18, "fields": {"category": 4, "name": "\u043a\u0440\u0430\u0441\u043d\u044b\u0439", "image": "product_images/product-4_oWz4Phx.jpg", "short_desc": "\u041a\u0440\u0430\u0441\u0438\u0432\u044b\u0439", "description": "\u0441\u0442\u0443\u043b \u043a\u0440\u0430\u0441\u043d\u044b\u0439 \u0434\u043b\u044f \u0433\u043e\u0441\u0442\u0438\u043d\u043d\u043e\u0439", "price": "56200.50", "quantity": 39, "is_active": true}}, {"model": "mainapp.product", "pk": 19, "fields": {"category": 3, "name": "\u0441\u0442\u0443\u043b \u0434\u0435\u0440\u0435\u0432\u044f\u043d\u043d\u044b\u0439", "image": "product_images/slider1_spryGr2.jpg", "short_desc": "\u0441\u0442\u0443\u043b \u043a\u0443\u0445\u043e\u043d\u043d\u044b\u0439", "description": "\u0441\u0442\u0443\u043b \u043a\u0430\u043a \u0441\u0442\u0443\u043b", "price": "1700.00", "quantity": 61, "is_active": true}}, {"model": "mainapp.product", "pk": 20, "fields": {"category": 3, "name": "\u0432\u043e\u043b\u043e\u0433\u0434\u0430", "image": "product_images/product-2.jpg", "short_desc": "\u0435\u0449\u0451 \u0441\u0442\u0443\u043b \u0442\u0430\u043a \u0441\u0435\u0431\u0435", "description": "\u0434\u043b\u044f \u0437\u0430\u043b\u0430.", "price": "4500.00", "quantity": 19, "is_active": true}}, {"model": "mainapp.product", "pk": 21, "fields": {"category": 4, "name": "\u0422\u043e\u0440\u0448\u0435\u04402", "image": "product_images/product-2-sm_oAhR5Df.jpg", "short_desc": "\u0442\u043e\u0440\u0448\u0435\u0440 \u043d\u0430\u0441\u0442\u0435\u043d\u043d\u044b\u0439", "description": "\u0442\u043e\u0440\u0448\u0435\u0440 \u043d\u0430\u0441\u0442\u0435\u043d\u043d\u044b\u0439", "price": "12365.50", "quantity": 13, "is_active": true}}, {"model": "mainapp.product", "pk": 22, "fields": {"category": 2, "name": "\u043b\u0430\u043c\u043f\u04303", "image": "product_images/product-1_XU5oFAO.jpg", "short_desc": "\u043b\u0430\u043c\u043f\u0430 \u043d\u0430\u0441\u0442\u043e\u043b\u044c\u043d\u0430\u044f", "description": "\u043b\u0430\u043c\u043f\u0430 \u043d\u0430\u0441\u0442\u043e\u043b\u044c\u043d\u0430\u044f \u0445\u043e\u0440\u043e\u0448\u0430\u044f", "price": "1350.00", "quantity": 5, "is_active": true}}, {"model": "mainapp.product", "pk": 23, "fields": {"category": 5, "name": "\u043b\u0430\u043c\u043f\u04304", "image": "product_images/product-5-sm_j6BvYWK.jpg", "short_desc": "\u043b\u0430\u043c\u043f\u0430 \u043f\u043e\u0442\u043e\u043b\u043e\u0447\u043d\u0430\u044f", "description": "\u043b\u0430\u043c\u043f\u0430 \u043f\u043e\u0442\u043e\u043b\u043e\u0447\u043d\u0430\u044f \u0447\u0451\u0440\u043d\u0430\u044f", "price": "5600.00", "quantity": 12, "is_active": true}}, {"model": "mainapp.product", "pk": 24, "fields": {"category": 5, "name": "\u0447\u0430\u0439\u043d\u0438\u043a1", "image": "product_images/product-3_eT9gLux.jpg", "short_desc": "\u0447\u0430\u0439\u043d\u0438\u043a", "description": "\u0447\u0430\u0439\u043d\u0438\u043a \u043a\u0443\u0445\u043e\u043d\u043d\u044b\u0439", "price": "4500.00", "quantity": 0, "is_active": true}}, {"model": "mainapp.product", "pk": 25, "fields": {"category": 2, "name": "\u043a\u043e\u0440\u043e\u0431\u043a\u0430", "image": "product_images/znak_TcT8TCY.jpg", "short_desc": "\u043a\u043e\u0440\u043e\u0431\u043a\u0430 \u0447\u0435\u0440\u043d\u0430\u044f", "description": "\u043a\u043e\u0440\u043e\u0431\u043a\u0430 \u0447\u0435\u0440\u043d\u0430\u044f", "price": "75.00", "quantity": 50, "is_active": true}}, {"model": "mainapp.product", "pk": 26, "fields": {"category": 4, "name": "\u0441\u0442\u043e\u043b", "image": "product_images/stol.jpg", "short_desc": "\u0441\u0442\u043e\u043b \u0434\u043b\u044f \u0433\u043e\u0441\u0442\u0438\u043d\u043e\u0439", "description": "\u0441\u0442\u043e\u043b \u0434\u043b\u044f \u0433\u043e\u0441\u0442\u0438\u043d\u043e\u0439 \u043c\u0430\u043b\u044b\u0439", "price": "12250.00", "quantity": 11, "is_active": true}}, {"model": "mainapp.product", "pk": 27, "fields": {"category": 5, "name": "\u0434\u0438\u0432\u0430\u043d \u0442\u0435\u043c\u043d\u044b\u0439", "image": "product_images/product-3-sm.jpg", "short_desc": "\u0434\u0438\u0432\u0430\u043d  \u043a\u043e\u0436\u0430\u043d\u044b\u0439  \u0442\u0451\u043c\u043d\u043e\u0433\u043e \u0446\u0432\u0435\u0442\u0430", "description": "\u0434\u0438\u0432\u0430\u043d  \u043a\u043e\u0436\u0430\u043d\u044b\u0439  \u0442\u0451\u043c\u043d\u043e\u0433\u043e \u0446\u0432\u0435\u0442\u0430 \u0434\u043b\u044f \u0431\u043e\u043b\u044c\u0448\u043e\u0439 \u0441\u0435\u043c\u044c\u0438", "price": "758000.50", "quantity": 7, "is_active": true}}, {"model": "mainapp.product", "pk": 28, "fields": {"category": 2, "name": "\u043a\u043e\u0440\u043e\u0431\u043a\u0430", "image": "product_images/znak_Iy7ExTW.jpg", "short_desc": "\u043a\u043e\u0440\u043e\u0431\u043a\u0430 \u043a\u043e\u0440\u043e\u0431\u043a\u0430", "description": "\u043a\u043e\u0440\u043e\u0431\u043a\u0430 \u0447\u0451\u0440\u043d\u0430\u044f", "price": "75.00", "quantity": 11, "is_active": true}}, {"model": "mainapp.product", "pk": 29, "fields": {"category": 2, "name": "\u043a\u043e\u0440\u043e\u0431\u043a\u0430", "image": "product_images/znak_TcT8TCY.jpg", "short_desc": "\u043a\u043e\u0440\u043e\u0431\u043a\u0430 \u0447\u0435\u0440\u043d\u0430\u044f", "description": "\u043a\u043e\u0440\u043e\u0431\u043a\u0430 \u0447\u0435\u0440\u043d\u0430\u044f \u043a\u043e\u0440\u043e\u0431\u043a\u0430 \u0447\u0435\u0440\u043d\u0430\u044f", "price": "75.00", "quantity": 10, "is_active": true}}, {"model": "authapp.shopuser", "pk": 1, "fields": {"password": "pbkdf2_sha256$150000$YHkeovpMgIND$SlscGyabgKQbdL75AAspv1AGcP4pjf0wYgjz2QZ/zmw=", "last_login": "2020-05-31T07:13:29.360Z", "is_superuser": true, "username": "django", "first_name": "\u0414\u0436\u0430\u043d\u0433\u043e \u043e\u0441\u0432\u043e\u0431\u043e\u0436\u0434\u0451\u043d\u043d\u044b\u0439", "last_name": "", "email": "django@geekshop.local", "is_staff": true, "is_active": true, "date_joined": "2020-04-12T12:03:37Z", "avatar": "users_avatars/avatars.jpg", "age": 33, "activation_key": "", "activation_key_expires": "2020-05-08T07:54:25.980Z", "groups": [], "user_permissions": []}}, {"model": "authapp.shopuser", "pk": 28, "fields": {"password": "pbkdf2_sha256$150000$pas9PHSzH9FJ$zgzEShUjnLcAgdnng4PjEftMiAsuwMXBPUTCyTA4los=", "last_login": "2020-05-06T09:48:56.571Z", "is_superuser": false, "username": "gag", "first_name": "gag", "last_name": "", "email": "ss2576@mail.ru", "is_staff": false, "is_active": true, "date_joined": "2020-05-06T09:05:40.977Z", "avatar": "", "age": 23, "activation_key": "454afb34b1b2217c63e4259dc4aebb4adcaafa9f", "activation_key_expires": "2020-05-08T08:44:50.679Z", "groups": [], "user_permissions": []}}, {"model": "authapp.shopuser", "pk": 29, "fields": {"password": "pbkdf2_sha256$150000$FDLLseynvCdo$2ccWZsoGwk6tpFKcQ0kGThT9+pvZFhFNPVsX9pUwi7c=", "last_login": "2020-05-06T10:05:26.496Z", "is_superuser": false, "username": "sas", "first_name": "sas", "last_name": "", "email": "ss2576_1@mail.ru", "is_staff": false, "is_active": true, "date_joined": "2020-05-06T10:05:12.336Z", "avatar": "", "age": 23, "activation_key": "22559e08672a4ac4e1fe715f468dc3d6163a9b39", "activation_key_expires": "2020-05-08T09:48:37.441Z", "groups": [], "user_permissions": []}}, {"model": "authapp.shopuser", "pk": 31, "fields": {"password": "pbkdf2_sha256$150000$M3gwKX6SkXWq$ygavfrB3WGG11ZTTR3hjmhjtjzaN2jGWwElVEKtMWDg=", "last_login": "2020-05-12T10:36:56.031Z", "is_superuser": false, "username": "Gogol", "first_name": "Gogol", "last_name": "", "email": "ss2576_3@mail.ru", "is_staff": false, "is_active": true, "date_joined": "2020-05-06T10:11:21.424Z", "avatar": "", "age": 23, "activation_key": "d6b2a1c7cd3a2ae808c7e0c94c554b6791786d20", "activation_key_expires": "2020-05-08T09:48:37.441Z", "groups": [], "user_permissions": []}}, {"model": "authapp.shopuser", "pk": 32, "fields": {"password": "!kAHK2EceOW8hkSDR3faX9jXdqM7mYwdmxkgfHQ84", "last_login": "2020-05-19T07:05:24.084Z", "is_superuser": false, "username": "id596581809", "first_name": "\u0421\u0435\u0440\u0433\u0435\u0439", "last_name": "\u0421\u0435\u0440\u0433\u0435\u0435\u0432", "email": "ss2576@mail.ru", "is_staff": false, "is_active": true, "date_joined": "2020-05-09T11:46:39.737Z", "avatar": "users_avatars/kisspng-woman-head-_6Yw1r26.jpg", "age": 43, "activation_key": "", "activation_key_expires": "2020-05-11T11:46:25.253Z", "groups": [], "user_permissions": []}}, {"model": "authapp.shopuser", "pk": 33, "fields": {"password": "pbkdf2_sha256$150000$TZU3j6GT26ND$xO1smaodTbSRtzAZW/TnCamC4qKhz3XKWngMcpLZ0wI=", "last_login": "2020-05-12T12:20:27.559Z", "is_superuser": false, "username": "stats", "first_name": "stats", "last_name": "", "email": "ss2576-5@mail.ru", "is_staff": false, "is_active": true, "date_joined": "2020-05-12T11:27:28.281Z", "avatar": "", "age": 18, "activation_key": "1d0a77d0064d0bc5db922daa67f1d0de0d188150", "activation_key_expires": "2020-05-14T11:11:00.962Z", "groups": [], "user_permissions": []}}, {"model": "authapp.shopuserprofile", "pk": 1, "fields": {"user": 1, "tagline": "", "aboutMe": "", "gender": ""}}, {"model": "authapp.shopuserprofile", "pk": 2, "fields": {"user": 28, "tagline": "", "aboutMe": "", "gender": ""}}, {"model": "authapp.shopuserprofile", "pk": 3, "fields": {"user": 29, "tagline": "", "aboutMe": "", "gender": ""}}, {"model": "authapp.shopuserprofile", "pk": 5, "fields": {"user": 31, "tagline": "", "aboutMe": "", "gender": ""}}, {"model": "authapp.shopuserprofile", "pk": 6, "fields": {"user": 32, "tagline": "", "aboutMe": "", "gender": "M"}}, {"model": "authapp.shopuserprofile", "pk": 7, "fields": {"user": 33, "tagline": "", "aboutMe": "", "gender": ""}}, {"model": "basketapp.basket", "pk": 86, "fields": {"user": 33, "product": 21, "quantity": 1, "add_datetime": "2020-05-12T11:31:14.097Z"}}, {"model": "basketapp.basket", "pk": 87, "fields": {"user": 33, "product": 6, "quantity": 1, "add_datetime": "2020-05-12T11:31:15.442Z"}}, {"model": "social_django.usersocialauth", "pk": 1, "fields": {"user": 32, "provider": "vk-oauth2", "uid": "596581809", "extra_data": "{\"auth_time\": 1589871923, \"id\": 596581809, \"expires\": 86400, \"access_token\": \"19140084fec83bda2e7454339fa9554aec9e8fd7ac8d73dd8daef6982b43cde879aadabb094b2c452dbf1\", \"token_type\": null}"}}, {"model": "ordersapp.order", "pk": 1, "fields": {"user": 1, "created": "2020-05-12T16:37:48.018Z", "updated": "2020-05-12T16:37:48.170Z", "status": "FM", "is_active": false}}, {"model": "ordersapp.order", "pk": 2, "fields": {"user": 1, "created": "2020-05-12T16:37:56.995Z", "updated": "2020-05-12T18:23:03.070Z", "status": "FM", "is_active": false}}, {"model": "ordersapp.order", "pk": 3, "fields": {"user": 1, "created": "2020-05-12T16:41:17.019Z", "updated": "2020-05-12T16:41:17.180Z", "status": "FM", "is_active": false}}, {"model": "ordersapp.order", "pk": 4, "fields": {"user": 32, "created": "2020-05-12T16:57:21.815Z", "updated": "2020-05-12T18:15:42.476Z", "status": "STP", "is_active": true}}, {"model": "ordersapp.order", "pk": 5, "fields": {"user": 32, "created": "2020-05-12T16:57:29.516Z", "updated": "2020-05-12T16:57:29.737Z", "status": "FM", "is_active": false}}, {"model": "ordersapp.order", "pk": 6, "fields": {"user": 32, "created": "2020-05-12T18:16:11.395Z", "updated": "2020-05-12T18:17:17.945Z", "status": "FM", "is_active": false}}, {"model": "ordersapp.order", "pk": 7, "fields": {"user": 1, "created": "2020-05-12T18:18:06.304Z", "updated": "2020-05-12T18:23:06.531Z", "status": "FM", "is_active": false}}, {"model": "ordersapp.order", "pk": 8, "fields": {"user": 1, "created": "2020-05-12T18:22:52.218Z", "updated": "2020-05-12T18:34:33.251Z", "status": "FM", "is_active": false}}, {"model": "ordersapp.order", "pk": 9, "fields": {"user": 1, "created": "2020-05-12T18:34:40.361Z", "updated": "2020-05-12T18:36:18.879Z", "status": "FM", "is_active": false}}, {"model": "ordersapp.order", "pk": 10, "fields": {"user": 1, "created": "2020-05-12T18:36:42.512Z", "updated": "2020-05-12T18:36:56.135Z", "status": "STP", "is_active": true}}, {"model": "ordersapp.order", "pk": 11, "fields": {"user": 1, "created": "2020-05-12T18:55:27.229Z", "updated": "2020-05-15T12:54:27.060Z", "status": "STP", "is_active": true}}, {"model": "ordersapp.order", "pk": 12, "fields": {"user": 1, "created": "2020-05-15T12:55:08.270Z", "updated": "2020-05-15T12:55:08.396Z", "status": "FM", "is_active": false}}, {"model": "ordersapp.order", "pk": 13, "fields": {"user": 1, "created": "2020-05-15T13:06:04.599Z", "updated": "2020-05-16T14:28:27.622Z", "status": "FM", "is_active": false}}, {"model": "ordersapp.order", "pk": 14, "fields": {"user": 32, "created": "2020-05-16T12:47:06.261Z", "updated": "2020-05-16T12:47:06.440Z", "status": "FM", "is_active": false}}, {"model": "ordersapp.order", "pk": 15, "fields": {"user": 32, "created": "2020-05-16T12:47:17.483Z", "updated": "2020-05-16T12:47:26.709Z", "status": "STP", "is_active": true}}, {"model": "ordersapp.order", "pk": 16, "fields": {"user": 1, "created": "2020-05-16T14:50:48.094Z", "updated": "2020-05-16T17:21:09.466Z", "status": "FM", "is_active": false}}, {"model": "ordersapp.order", "pk": 17, "fields": {"user": 1, "created": "2020-05-16T17:22:13.221Z", "updated": "2020-05-16T17:45:16.058Z", "status": "FM", "is_active": false}}, {"model": "ordersapp.order", "pk": 18, "fields": {"user": 1, "created": "2020-05-16T18:00:22.489Z", "updated": "2020-05-17T08:34:55.681Z", "status": "FM", "is_active": false}}, {"model": "ordersapp.order", "pk": 19, "fields": {"user": 1, "created": "2020-05-16T18:04:50.367Z", "updated": "2020-05-17T08:34:52.008Z", "status": "FM", "is_active": false}}, {"model": "ordersapp.order", "pk": 20, "fields": {"user": 1, "created": "2020-05-17T08:36:05.897Z", "updated": "2020-05-17T09:49:11.810Z", "status": "FM", "is_active": false}}, {"model": "ordersapp.order", "pk": 21, "fields": {"user": 1, "created": "2020-05-17T09:51:54.803Z", "updated": "2020-05-17T11:18:50.127Z", "status": "FM", "is_active": false}}, {"model": "ordersapp.order", "pk": 22, "fields": {"user": 1, "created": "2020-05-17T11:49:39.365Z", "updated": "2020-05-17T11:52:20.290Z", "status": "FM", "is_active": false}}, {"model": "ordersapp.order", "pk": 23, "fields": {"user": 1, "created": "2020-05-17T11:52:29.274Z", "updated": "2020-05-17T11:53:36.295Z", "status": "FM", "is_active": false}}, {"model": "ordersapp.order", "pk": 24, "fields": {"user": 1, "created": "2020-05-17T12:05:11.434Z", "updated": "2020-05-31T07:57:29.807Z", "status": "FM", "is_active": false}}, {"model": "ordersapp.order", "pk": 25, "fields": {"user": 1, "created": "2020-05-31T07:40:16.246Z", "updated": "2020-05-31T07:57:32.531Z", "status": "FM", "is_active": false}}, {"model": "ordersapp.order", "pk": 26, "fields": {"user": 1, "created": "2020-05-31T08:10:40.135Z", "updated": "2020-05-31T08:10:40.257Z", "status": "FM", "is_active": true}}, {"model": "ordersapp.order", "pk": 27, "fields": {"user": 1, "created": "2020-05-31T08:23:55.728Z", "updated": "2020-05-31T08:23:55.834Z", "status": "FM", "is_active": true}}, {"model": "ordersapp.orderitem", "pk": 1, "fields": {"order": 2, "product": 6, "quantity": 2}}, {"model": "ordersapp.orderitem", "pk": 2, "fields": {"order": 4, "product": 6, "quantity": 2}}, {"model": "ordersapp.orderitem", "pk": 3, "fields": {"order": 5, "product": 16, "quantity": 0}}, {"model": "ordersapp.orderitem", "pk": 4, "fields": {"order": 6, "product": 20, "quantity": 5}}, {"model": "ordersapp.orderitem", "pk": 5, "fields": {"order": 7, "product": 7, "quantity": 3}}, {"model": "ordersapp.orderitem", "pk": 6, "fields": {"order": 8, "product": 6, "quantity": 2}}, {"model": "ordersapp.orderitem", "pk": 7, "fields": {"order": 8, "product": 7, "quantity": 3}}, {"model": "ordersapp.orderitem", "pk": 8, "fields": {"order": 8, "product": 18, "quantity": 1}}, {"model": "ordersapp.orderitem", "pk": 9, "fields": {"order": 8, "product": 18, "quantity": 1}}, {"model": "ordersapp.orderitem", "pk": 10, "fields": {"order": 8, "product": 9, "quantity": 3}}, {"model": "ordersapp.orderitem", "pk": 11, "fields": {"order": 8, "product": 9, "quantity": 3}}, {"model": "ordersapp.orderitem", "pk": 12, "fields": {"order": 9, "product": 6, "quantity": 1}}, {"model": "ordersapp.orderitem", "pk": 13, "fields": {"order": 9, "product": 18, "quantity": 3}}, {"model": "ordersapp.orderitem", "pk": 14, "fields": {"order": 10, "product": 29, "quantity": 1}}, {"model": "ordersapp.orderitem", "pk": 15, "fields": {"order": 10, "product": 15, "quantity": 1}}, {"model": "ordersapp.orderitem", "pk": 16, "fields": {"order": 11, "product": 10, "quantity": 2}}, {"model": "ordersapp.orderitem", "pk": 17, "fields": {"order": 11, "product": 11, "quantity": 3}}, {"model": "ordersapp.orderitem", "pk": 18, "fields": {"order": 11, "product": 15, "quantity": 1}}, {"model": "ordersapp.orderitem", "pk": 19, "fields": {"order": 13, "product": 27, "quantity": 2}}, {"model": "ordersapp.orderitem", "pk": 20, "fields": {"order": 13, "product": 17, "quantity": 1}}, {"model": "ordersapp.orderitem", "pk": 21, "fields": {"order": 14, "product": 6, "quantity": 0}}, {"model": "ordersapp.orderitem", "pk": 22, "fields": {"order": 15, "product": 7, "quantity": 2}}, {"model": "ordersapp.orderitem", "pk": 23, "fields": {"order": 16, "product": 7, "quantity": 7}}, {"model": "ordersapp.orderitem", "pk": 24, "fields": {"order": 17, "product": 7, "quantity": 6}}, {"model": "ordersapp.orderitem", "pk": 25, "fields": {"order": 18, "product": 6, "quantity": 1}}, {"model": "ordersapp.orderitem", "pk": 26, "fields": {"order": 19, "product": 7, "quantity": 4}}, {"model": "ordersapp.orderitem", "pk": 27, "fields": {"order": 19, "product": 10, "quantity": 2}}, {"model": "ordersapp.orderitem", "pk": 28, "fields": {"order": 20, "product": 10, "quantity": 3}}, {"model": "ordersapp.orderitem", "pk": 29, "fields": {"order": 20, "product": 14, "quantity": 2}}, {"model": "ordersapp.orderitem", "pk": 30, "fields": {"order": 20, "product": 15, "quantity": 1}}, {"model": "ordersapp.orderitem", "pk": 31, "fields": {"order": 21, "product": 7, "quantity": 2}}, {"model": "ordersapp.orderitem", "pk": 32, "fields": {"order": 21, "product": 12, "quantity": 1}}, {"model": "ordersapp.orderitem", "pk": 35, "fields": {"order": 21, "product": 20, "quantity": 1}}, {"model": "ordersapp.orderitem", "pk": 36, "fields": {"order": 22, "product": 12, "quantity": 2}}, {"model": "ordersapp.orderitem", "pk": 37, "fields": {"order": 23, "product": 7, "quantity": 1}}, {"model": "ordersapp.orderitem", "pk": 38, "fields": {"order": 24, "product": 8, "quantity": 2}}, {"model": "ordersapp.orderitem", "pk": 40, "fields": {"order": 24, "product": 16, "quantity": 2}}, {"model": "ordersapp.orderitem", "pk": 41, "fields": {"order": 24, "product": 26, "quantity": 2}}, {"model": "ordersapp.orderitem", "pk": 42, "fields": {"order": 24, "product": 22, "quantity": 3}}, {"model": "ordersapp.orderitem", "pk": 43, "fields": {"order": 24, "product": 25, "quantity": 2}}, {"model": "ordersapp.orderitem", "pk": 44, "fields": {"order": 25, "product": 6, "quantity": 2}}, {"model": "ordersapp.orderitem", "pk": 45, "fields": {"order": 25, "product": 7, "quantity": 1}}, {"model": "ordersapp.orderitem", "pk": 46, "fields": {"order": 25, "product": 8, "quantity": 2}}, {"model": "ordersapp.orderitem", "pk": 47, "fields": {"order": 26, "product": 19, "quantity": 2}}, {"model": "ordersapp.orderitem", "pk": 48, "fields": {"order": 26, "product": 14, "quantity": 2}}, {"model": "ordersapp.orderitem", "pk": 49, "fields": {"order": 27, "product": 7, "quantity": 1}}, {"model": "ordersapp.orderitem", "pk": 50, "fields": {"order": 27, "product": 9, "quantity": 1}}, {"model": "admin.logentry", "pk": 1, "fields": {"action_time": "2020-04-12T13:36:39.773Z", "user": 1, "content_type": 6, "object_id": "1", "object_repr": "\u0421\u0442\u0443\u043b", "action_flag": 1, "change_message": "[{\"added\": {}}]"}}, {"model": "admin.logentry", "pk": 2, "fields": {"action_time": "2020-04-12T13:37:05.234Z", "user": 1, "content_type": 7, "object_id": "1", "object_repr": "\u0421\u0442\u0443\u043b 1 (\u0421\u0442\u0443\u043b)", "action_flag": 1, "change_message": "[{\"added\": {}}]"}}, {"model": "admin.logentry", "pk": 3, "fields": {"action_time": "2020-04-12T13:37:23.754Z", "user": 1, "content_type": 7, "object_id": "2", "object_repr": "\u0421\u0442\u0443\u043b 2 (\u0421\u0442\u0443\u043b)", "action_flag": 1, "change_message": "[{\"added\": {}}]"}}, {"model": "admin.logentry", "pk": 4, "fields": {"action_time": "2020-04-12T13:38:29.530Z", "user": 1, "content_type": 7, "object_id": "3", "object_repr": "\u0421\u0442\u0443\u043b 3 (\u0421\u0442\u0443\u043b)", "action_flag": 1, "change_message": "[{\"added\": {}}]"}}, {"model": "admin.logentry", "pk": 5, "fields": {"action_time": "2020-04-12T13:38:55.942Z", "user": 1, "content_type": 7, "object_id": "4", "object_repr": "\u0421\u0442\u0443\u043b 4 (\u0421\u0442\u0443\u043b)", "action_flag": 1, "change_message": "[{\"added\": {}}]"}}, {"model": "admin.logentry", "pk": 6, "fields": {"action_time": "2020-04-12T13:39:22.440Z", "user": 1, "content_type": 7, "object_id": "5", "object_repr": "\u0421\u0442\u0443\u043b 5 (\u0421\u0442\u0443\u043b)", "action_flag": 1, "change_message": "[{\"added\": {}}]"}}, {"model": "admin.logentry", "pk": 7, "fields": {"action_time": "2020-04-12T13:39:44.419Z", "user": 1, "content_type": 7, "object_id": "4", "object_repr": "\u0421\u0442\u0443\u043b 4 (\u0421\u0442\u0443\u043b)", "action_flag": 2, "change_message": "[{\"changed\": {\"fields\": [\"image\"]}}]"}}, {"model": "admin.logentry", "pk": 8, "fields": {"action_time": "2020-04-14T07:37:31.875Z", "user": 1, "content_type": 6, "object_id": "2", "object_repr": "\u0434\u043e\u043c", "action_flag": 1, "change_message": "[{\"added\": {}}]"}}, {"model": "admin.logentry", "pk": 9, "fields": {"action_time": "2020-04-14T07:37:47.456Z", "user": 1, "content_type": 6, "object_id": "3", "object_repr": "\u043e\u0444\u0438\u0441", "action_flag": 1, "change_message": "[{\"added\": {}}]"}}, {"model": "admin.logentry", "pk": 10, "fields": {"action_time": "2020-04-14T07:38:05.494Z", "user": 1, "content_type": 6, "object_id": "4", "object_repr": "\u043c\u043e\u0434\u0435\u0440\u043d", "action_flag": 1, "change_message": "[{\"added\": {}}]"}}, {"model": "admin.logentry", "pk": 11, "fields": {"action_time": "2020-04-14T07:38:18.321Z", "user": 1, "content_type": 6, "object_id": "5", "object_repr": "\u043a\u043b\u0430\u0441\u0441\u0438\u043a\u0430", "action_flag": 1, "change_message": "[{\"added\": {}}]"}}, {"model": "admin.logentry", "pk": 12, "fields": {"action_time": "2020-04-14T07:39:49.656Z", "user": 1, "content_type": 7, "object_id": "6", "object_repr": "\u043a\u043e\u043c\u0444\u043e\u0440\u0442 1 (\u0434\u043e\u043c)", "action_flag": 1, "change_message": "[{\"added\": {}}]"}}, {"model": "admin.logentry", "pk": 13, "fields": {"action_time": "2020-04-14T07:40:48.670Z", "user": 1, "content_type": 7, "object_id": "1", "object_repr": "\u0421\u0442\u0443\u043b 1 (\u0421\u0442\u0443\u043b)", "action_flag": 3, "change_message": ""}}, {"model": "admin.logentry", "pk": 14, "fields": {"action_time": "2020-04-14T07:40:52.890Z", "user": 1, "content_type": 7, "object_id": "2", "object_repr": "\u0421\u0442\u0443\u043b 2 (\u0421\u0442\u0443\u043b)", "action_flag": 3, "change_message": ""}}, {"model": "admin.logentry", "pk": 15, "fields": {"action_time": "2020-04-14T07:40:56.789Z", "user": 1, "content_type": 7, "object_id": "3", "object_repr": "\u0421\u0442\u0443\u043b 3 (\u0421\u0442\u0443\u043b)", "action_flag": 3, "change_message": ""}}, {"model": "admin.logentry", "pk": 16, "fields": {"action_time": "2020-04-14T07:41:01.013Z", "user": 1, "content_type": 7, "object_id": "4", "object_repr": "\u0421\u0442\u0443\u043b 4 (\u0421\u0442\u0443\u043b)", "action_flag": 3, "change_message": ""}}, {"model": "admin.logentry", "pk": 17, "fields": {"action_time": "2020-04-14T07:41:06.116Z", "user": 1, "content_type": 7, "object_id": "5", "object_repr": "\u0421\u0442\u0443\u043b 5 (\u0421\u0442\u0443\u043b)", "action_flag": 3, "change_message": ""}}, {"model": "admin.logentry", "pk": 18, "fields": {"action_time": "2020-04-14T07:42:11.649Z", "user": 1, "content_type": 7, "object_id": "6", "object_repr": "\u043a\u043e\u043c\u0444\u043e\u0440\u0442 1 (\u0434\u043e\u043c)", "action_flag": 2, "change_message": "[{\"changed\": {\"fields\": [\"image\"]}}]"}}, {"model": "admin.logentry", "pk": 19, "fields": {"action_time": "2020-04-14T07:42:35.959Z", "user": 1, "content_type": 6, "object_id": "1", "object_repr": "\u0421\u0442\u0443\u043b", "action_flag": 3, "change_message": ""}}, {"model": "admin.logentry", "pk": 20, "fields": {"action_time": "2020-04-14T07:44:07.082Z", "user": 1, "content_type": 7, "object_id": "7", "object_repr": "\u043a\u043e\u043c\u0444\u043e\u0440\u0442 2 (\u0434\u043e\u043c)", "action_flag": 1, "change_message": "[{\"added\": {}}]"}}, {"model": "admin.logentry", "pk": 21, "fields": {"action_time": "2020-04-14T07:56:32.918Z", "user": 1, "content_type": 7, "object_id": "8", "object_repr": "\u043b\u044e\u043a\u0441 (\u0434\u043e\u043c)", "action_flag": 1, "change_message": "[{\"added\": {}}]"}}, {"model": "admin.logentry", "pk": 22, "fields": {"action_time": "2020-04-14T08:07:40.881Z", "user": 1, "content_type": 7, "object_id": "9", "object_repr": "\u0441\u0442\u0430\u043d\u0434\u0430\u0440\u0442 (\u043e\u0444\u0438\u0441)", "action_flag": 1, "change_message": "[{\"added\": {}}]"}}, {"model": "admin.logentry", "pk": 23, "fields": {"action_time": "2020-04-14T08:08:41.207Z", "user": 1, "content_type": 7, "object_id": "10", "object_repr": "\u043f\u0440\u0435\u043c\u0438\u0443\u043c (\u043e\u0444\u0438\u0441)", "action_flag": 1, "change_message": "[{\"added\": {}}]"}}, {"model": "admin.logentry", "pk": 24, "fields": {"action_time": "2020-04-14T08:15:28.207Z", "user": 1, "content_type": 7, "object_id": "11", "object_repr": "\u043d\u043e\u0432\u0438\u043d\u043a\u0430 (\u043c\u043e\u0434\u0435\u0440\u043d)", "action_flag": 1, "change_message": "[{\"added\": {}}]"}}, {"model": "admin.logentry", "pk": 25, "fields": {"action_time": "2020-04-14T08:16:42.466Z", "user": 1, "content_type": 7, "object_id": "12", "object_repr": "\u043f\u0440\u043e\u0433\u0440\u0435\u0441\u0441 (\u043a\u043b\u0430\u0441\u0441\u0438\u043a\u0430)", "action_flag": 1, "change_message": "[{\"added\": {}}]"}}, {"model": "admin.logentry", "pk": 26, "fields": {"action_time": "2020-04-14T08:17:36.467Z", "user": 1, "content_type": 7, "object_id": "13", "object_repr": "\u0432\u0435\u043d\u0435\u0446\u0438\u044f (\u043a\u043b\u0430\u0441\u0441\u0438\u043a\u0430)", "action_flag": 1, "change_message": "[{\"added\": {}}]"}}, {"model": "admin.logentry", "pk": 27, "fields": {"action_time": "2020-04-14T08:18:35.262Z", "user": 1, "content_type": 7, "object_id": "14", "object_repr": "\u0442\u043e\u0441\u043a\u0430\u043d\u0430 (\u043a\u043b\u0430\u0441\u0441\u0438\u043a\u0430)", "action_flag": 1, "change_message": "[{\"added\": {}}]"}}, {"model": "admin.logentry", "pk": 28, "fields": {"action_time": "2020-04-14T08:19:15.973Z", "user": 1, "content_type": 7, "object_id": "15", "object_repr": "\u0440\u0438\u043c (\u043a\u043b\u0430\u0441\u0441\u0438\u043a\u0430)", "action_flag": 1, "change_message": "[{\"added\": {}}]"}}, {"model": "admin.logentry", "pk": 29, "fields": {"action_time": "2020-04-14T08:26:04.639Z", "user": 1, "content_type": 7, "object_id": "6", "object_repr": "\u043a\u043e\u043c\u0444\u043e\u0440\u0442 1 (\u0434\u043e\u043c)", "action_flag": 2, "change_message": "[{\"changed\": {\"fields\": [\"image\"]}}]"}}, {"model": "admin.logentry", "pk": 30, "fields": {"action_time": "2020-04-14T09:19:12.793Z", "user": 1, "content_type": 7, "object_id": "14", "object_repr": "\u0442\u043e\u0441\u043a\u0430\u043d\u0430 (\u043a\u043b\u0430\u0441\u0441\u0438\u043a\u0430)", "action_flag": 2, "change_message": "[{\"changed\": {\"fields\": [\"image\"]}}]"}}, {"model": "admin.logentry", "pk": 31, "fields": {"action_time": "2020-04-14T09:25:26.343Z", "user": 1, "content_type": 7, "object_id": "7", "object_repr": "\u043a\u043e\u043c\u0444\u043e\u0440\u0442 2 (\u0434\u043e\u043c)", "action_flag": 2, "change_message": "[{\"changed\": {\"fields\": [\"image\"]}}]"}}, {"model": "admin.logentry", "pk": 32, "fields": {"action_time": "2020-04-14T09:43:16.441Z", "user": 1, "content_type": 7, "object_id": "9", "object_repr": "\u0441\u0442\u0430\u043d\u0434\u0430\u0440\u0442 (\u043e\u0444\u0438\u0441)", "action_flag": 2, "change_message": "[{\"changed\": {\"fields\": [\"image\"]}}]"}}, {"model": "admin.logentry", "pk": 33, "fields": {"action_time": "2020-04-14T09:58:40.686Z", "user": 1, "content_type": 7, "object_id": "10", "object_repr": "\u043f\u0440\u0435\u043c\u0438\u0443\u043c (\u043e\u0444\u0438\u0441)", "action_flag": 2, "change_message": "[{\"changed\": {\"fields\": [\"image\"]}}]"}}, {"model": "admin.logentry", "pk": 34, "fields": {"action_time": "2020-04-14T10:08:54.513Z", "user": 1, "content_type": 7, "object_id": "16", "object_repr": "\u043c\u0430\u0434\u0435\u0439\u0440\u0430 (\u043c\u043e\u0434\u0435\u0440\u043d)", "action_flag": 1, "change_message": "[{\"added\": {}}]"}}, {"model": "admin.logentry", "pk": 35, "fields": {"action_time": "2020-04-16T12:06:57.717Z", "user": 1, "content_type": 7, "object_id": "7", "object_repr": "\u043a\u043e\u043c\u0444\u043e\u0440\u0442 2 (\u0434\u043e\u043c)", "action_flag": 2, "change_message": "[{\"changed\": {\"fields\": [\"short_desc\"]}}]"}}, {"model": "admin.logentry", "pk": 36, "fields": {"action_time": "2020-04-16T12:11:22.596Z", "user": 1, "content_type": 9, "object_id": "1", "object_repr": "Basket object (1)", "action_flag": 3, "change_message": ""}}, {"model": "admin.logentry", "pk": 37, "fields": {"action_time": "2020-04-16T12:11:25.359Z", "user": 1, "content_type": 9, "object_id": "9", "object_repr": "Basket object (9)", "action_flag": 3, "change_message": ""}}, {"model": "admin.logentry", "pk": 38, "fields": {"action_time": "2020-04-16T12:11:27.793Z", "user": 1, "content_type": 9, "object_id": "10", "object_repr": "Basket object (10)", "action_flag": 3, "change_message": ""}}, {"model": "admin.logentry", "pk": 39, "fields": {"action_time": "2020-04-16T12:11:30.708Z", "user": 1, "content_type": 9, "object_id": "8", "object_repr": "Basket object (8)", "action_flag": 3, "change_message": ""}}, {"model": "admin.logentry", "pk": 40, "fields": {"action_time": "2020-04-16T12:11:33.356Z", "user": 1, "content_type": 9, "object_id": "5", "object_repr": "Basket object (5)", "action_flag": 3, "change_message": ""}}, {"model": "admin.logentry", "pk": 41, "fields": {"action_time": "2020-04-16T12:11:36.191Z", "user": 1, "content_type": 9, "object_id": "3", "object_repr": "Basket object (3)", "action_flag": 3, "change_message": ""}}, {"model": "admin.logentry", "pk": 42, "fields": {"action_time": "2020-04-16T12:11:38.725Z", "user": 1, "content_type": 9, "object_id": "7", "object_repr": "Basket object (7)", "action_flag": 3, "change_message": ""}}, {"model": "admin.logentry", "pk": 43, "fields": {"action_time": "2020-04-16T12:11:41.288Z", "user": 1, "content_type": 9, "object_id": "6", "object_repr": "Basket object (6)", "action_flag": 3, "change_message": ""}}, {"model": "admin.logentry", "pk": 44, "fields": {"action_time": "2020-04-16T12:11:43.872Z", "user": 1, "content_type": 9, "object_id": "4", "object_repr": "Basket object (4)", "action_flag": 3, "change_message": ""}}, {"model": "admin.logentry", "pk": 45, "fields": {"action_time": "2020-04-16T12:11:46.592Z", "user": 1, "content_type": 9, "object_id": "11", "object_repr": "Basket object (11)", "action_flag": 3, "change_message": ""}}, {"model": "admin.logentry", "pk": 46, "fields": {"action_time": "2020-04-16T12:11:49.630Z", "user": 1, "content_type": 9, "object_id": "2", "object_repr": "Basket object (2)", "action_flag": 3, "change_message": ""}}, {"model": "admin.logentry", "pk": 47, "fields": {"action_time": "2020-04-18T12:13:41.078Z", "user": 1, "content_type": 9, "object_id": "19", "object_repr": "Basket object (19)", "action_flag": 3, "change_message": ""}}, {"model": "admin.logentry", "pk": 48, "fields": {"action_time": "2020-04-18T12:13:44.166Z", "user": 1, "content_type": 9, "object_id": "18", "object_repr": "Basket object (18)", "action_flag": 3, "change_message": ""}}, {"model": "admin.logentry", "pk": 49, "fields": {"action_time": "2020-04-18T12:13:46.997Z", "user": 1, "content_type": 9, "object_id": "17", "object_repr": "Basket object (17)", "action_flag": 3, "change_message": ""}}, {"model": "admin.logentry", "pk": 50, "fields": {"action_time": "2020-04-18T12:13:49.832Z", "user": 1, "content_type": 9, "object_id": "15", "object_repr": "Basket object (15)", "action_flag": 3, "change_message": ""}}, {"model": "admin.logentry", "pk": 51, "fields": {"action_time": "2020-04-18T12:13:52.962Z", "user": 1, "content_type": 9, "object_id": "14", "object_repr": "Basket object (14)", "action_flag": 3, "change_message": ""}}, {"model": "admin.logentry", "pk": 52, "fields": {"action_time": "2020-04-18T12:13:56.124Z", "user": 1, "content_type": 9, "object_id": "13", "object_repr": "Basket object (13)", "action_flag": 3, "change_message": ""}}, {"model": "admin.logentry", "pk": 53, "fields": {"action_time": "2020-04-18T12:13:59.022Z", "user": 1, "content_type": 9, "object_id": "12", "object_repr": "Basket object (12)", "action_flag": 3, "change_message": ""}}, {"model": "admin.logentry", "pk": 54, "fields": {"action_time": "2020-04-18T12:14:01.964Z", "user": 1, "content_type": 9, "object_id": "16", "object_repr": "Basket object (16)", "action_flag": 3, "change_message": ""}}, {"model": "admin.logentry", "pk": 55, "fields": {"action_time": "2020-04-18T13:34:38.911Z", "user": 1, "content_type": 7, "object_id": "10", "object_repr": "\u043f\u0440\u0435\u043c\u0438\u0443\u043c (\u043e\u0444\u0438\u0441)", "action_flag": 2, "change_message": "[{\"changed\": {\"fields\": [\"price\", \"quantity\"]}}]"}}, {"model": "admin.logentry", "pk": 56, "fields": {"action_time": "2020-04-20T12:46:37.662Z", "user": 1, "content_type": 7, "object_id": "13", "object_repr": "\u0432\u0435\u043d\u0435\u0446\u0438\u044f (\u043a\u043b\u0430\u0441\u0441\u0438\u043a\u0430)", "action_flag": 3, "change_message": ""}}, {"model": "admin.logentry", "pk": 57, "fields": {"action_time": "2020-04-20T12:47:50.357Z", "user": 1, "content_type": 7, "object_id": "17", "object_repr": "\u0432\u0435\u043d\u0435\u0446\u0438\u044f (\u043a\u043b\u0430\u0441\u0441\u0438\u043a\u0430)", "action_flag": 1, "change_message": "[{\"added\": {}}]"}}, {"model": "admin.logentry", "pk": 58, "fields": {"action_time": "2020-04-20T12:55:16.220Z", "user": 1, "content_type": 7, "object_id": "18", "object_repr": "\u043a\u0440\u0430\u0441\u043d\u044b\u0439 (\u043c\u043e\u0434\u0435\u0440\u043d)", "action_flag": 1, "change_message": "[{\"added\": {}}]"}}, {"model": "admin.logentry", "pk": 59, "fields": {"action_time": "2020-04-20T13:24:16.667Z", "user": 1, "content_type": 7, "object_id": "19", "object_repr": "\u0441\u0442\u0443\u043b \u0434\u0435\u0440\u0435\u0432\u044f\u043d\u043d\u044b\u0439 (\u043e\u0444\u0438\u0441)", "action_flag": 1, "change_message": "[{\"added\": {}}]"}}, {"model": "admin.logentry", "pk": 60, "fields": {"action_time": "2020-04-20T13:25:33.248Z", "user": 1, "content_type": 7, "object_id": "19", "object_repr": "\u0441\u0442\u0443\u043b \u0434\u0435\u0440\u0435\u0432\u044f\u043d\u043d\u044b\u0439 (\u043e\u0444\u0438\u0441)", "action_flag": 2, "change_message": "[{\"changed\": {\"fields\": [\"image\"]}}]"}}, {"model": "admin.logentry", "pk": 61, "fields": {"action_time": "2020-04-20T13:26:16.689Z", "user": 1, "content_type": 7, "object_id": "19", "object_repr": "\u0441\u0442\u0443\u043b \u0434\u0435\u0440\u0435\u0432\u044f\u043d\u043d\u044b\u0439 (\u043e\u0444\u0438\u0441)", "action_flag": 2, "change_message": "[{\"changed\": {\"fields\": [\"image\"]}}]"}}, {"model": "admin.logentry", "pk": 62, "fields": {"action_time": "2020-04-21T07:13:40.053Z", "user": 1, "content_type": 7, "object_id": "20", "object_repr": "\u0432\u043e\u043b\u043e\u0433\u0434\u0430 (\u043e\u0444\u0438\u0441)", "action_flag": 1, "change_message": "[{\"added\": {}}]"}}, {"model": "admin.logentry", "pk": 63, "fields": {"action_time": "2020-04-21T07:29:44.369Z", "user": 1, "content_type": 7, "object_id": "21", "object_repr": "\u0422\u043e\u0440\u0448\u0435\u04402 (\u043c\u043e\u0434\u0435\u0440\u043d)", "action_flag": 1, "change_message": "[{\"added\": {}}]"}}, {"model": "admin.logentry", "pk": 64, "fields": {"action_time": "2020-04-21T07:38:09.223Z", "user": 1, "content_type": 7, "object_id": "22", "object_repr": "\u043b\u0430\u043c\u043f\u04303 (\u0434\u043e\u043c)", "action_flag": 1, "change_message": "[{\"added\": {}}]"}}, {"model": "admin.logentry", "pk": 65, "fields": {"action_time": "2020-04-21T07:40:37.520Z", "user": 1, "content_type": 7, "object_id": "23", "object_repr": "\u043b\u0430\u043c\u043f\u04304 (\u043a\u043b\u0430\u0441\u0441\u0438\u043a\u0430)", "action_flag": 1, "change_message": "[{\"added\": {}}]"}}, {"model": "admin.logentry", "pk": 66, "fields": {"action_time": "2020-04-21T08:30:00.930Z", "user": 1, "content_type": 7, "object_id": "17", "object_repr": "\u0432\u0435\u043d\u0435\u0446\u0438\u044f (\u043a\u043b\u0430\u0441\u0441\u0438\u043a\u0430)", "action_flag": 2, "change_message": "[{\"changed\": {\"fields\": [\"image\"]}}]"}}, {"model": "admin.logentry", "pk": 67, "fields": {"action_time": "2020-04-21T08:30:27.297Z", "user": 1, "content_type": 7, "object_id": "18", "object_repr": "\u043a\u0440\u0430\u0441\u043d\u044b\u0439 (\u043c\u043e\u0434\u0435\u0440\u043d)", "action_flag": 2, "change_message": "[{\"changed\": {\"fields\": [\"image\"]}}]"}}, {"model": "admin.logentry", "pk": 68, "fields": {"action_time": "2020-04-21T08:30:57.048Z", "user": 1, "content_type": 7, "object_id": "19", "object_repr": "\u0441\u0442\u0443\u043b \u0434\u0435\u0440\u0435\u0432\u044f\u043d\u043d\u044b\u0439 (\u043e\u0444\u0438\u0441)", "action_flag": 2, "change_message": "[{\"changed\": {\"fields\": [\"image\"]}}]"}}, {"model": "admin.logentry", "pk": 69, "fields": {"action_time": "2020-04-21T08:35:15.738Z", "user": 1, "content_type": 7, "object_id": "24", "object_repr": "\u0447\u0430\u0439\u043d\u0438\u043a1 (\u043a\u043b\u0430\u0441\u0441\u0438\u043a\u0430)", "action_flag": 1, "change_message": "[{\"added\": {}}]"}}]