[{"model": "auth.permission", "pk": 1, "fields": {"name": "Can add log entry", "content_type": 1, "codename": "add_logentry"}}, {"model": "auth.permission", "pk": 2, "fields": {"name": "Can change log entry", "content_type": 1, "codename": "change_logentry"}}, {"model": "auth.permission", "pk": 3, "fields": {"name": "Can delete log entry", "content_type": 1, "codename": "delete_logentry"}}, {"model": "auth.permission", "pk": 4, "fields": {"name": "Can view log entry", "content_type": 1, "codename": "view_logentry"}}, {"model": "auth.permission", "pk": 5, "fields": {"name": "Can add permission", "content_type": 2, "codename": "add_permission"}}, {"model": "auth.permission", "pk": 6, "fields": {"name": "Can change permission", "content_type": 2, "codename": "change_permission"}}, {"model": "auth.permission", "pk": 7, "fields": {"name": "Can delete permission", "content_type": 2, "codename": "delete_permission"}}, {"model": "auth.permission", "pk": 8, "fields": {"name": "Can view permission", "content_type": 2, "codename": "view_permission"}}, {"model": "auth.permission", "pk": 9, "fields": {"name": "Can add group", "content_type": 3, "codename": "add_group"}}, {"model": "auth.permission", "pk": 10, "fields": {"name": "Can change group", "content_type": 3, "codename": "change_group"}}, {"model": "auth.permission", "pk": 11, "fields": {"name": "Can delete group", "content_type": 3, "codename": "delete_group"}}, {"model": "auth.permission", "pk": 12, "fields": {"name": "Can view group", "content_type": 3, "codename": "view_group"}}, {"model": "auth.permission", "pk": 13, "fields": {"name": "Can add content type", "content_type": 4, "codename": "add_contenttype"}}, {"model": "auth.permission", "pk": 14, "fields": {"name": "Can change content type", "content_type": 4, "codename": "change_contenttype"}}, {"model": "auth.permission", "pk": 15, "fields": {"name": "Can delete content type", "content_type": 4, "codename": "delete_contenttype"}}, {"model": "auth.permission", "pk": 16, "fields": {"name": "Can view content type", "content_type": 4, "codename": "view_contenttype"}}, {"model": "auth.permission", "pk": 17, "fields": {"name": "Can add session", "content_type": 5, "codename": "add_session"}}, {"model": "auth.permission", "pk": 18, "fields": {"name": "Can change session", "content_type": 5, "codename": "change_session"}}, {"model": "auth.permission", "pk": 19, "fields": {"name": "Can delete session", "content_type": 5, "codename": "delete_session"}}, {"model": "auth.permission", "pk": 20, "fields": {"name": "Can view session", "content_type": 5, "codename": "view_session"}}, {"model": "auth.permission", "pk": 21, "fields": {"name": "Can add product category", "content_type": 6, "codename": "add_productcategory"}}, {"model": "auth.permission", "pk": 22, "fields": {"name": "Can change product category", "content_type": 6, "codename": "change_productcategory"}}, {"model": "auth.permission", "pk": 23, "fields": {"name": "Can delete product category", "content_type": 6, "codename": "delete_productcategory"}}, {"model": "auth.permission", "pk": 24, "fields": {"name": "Can view product category", "content_type": 6, "codename": "view_productcategory"}}, {"model": "auth.permission", "pk": 25, "fields": {"name": "Can add product", "content_type": 7, "codename": "add_product"}}, {"model": "auth.permission", "pk": 26, "fields": {"name": "Can change product", "content_type": 7, "codename": "change_product"}}, {"model": "auth.permission", "pk": 27, "fields": {"name": "Can delete product", "content_type": 7, "codename": "delete_product"}}, {"model": "auth.permission", "pk": 28, "fields": {"name": "Can view product", "content_type": 7, "codename": "view_product"}}, {"model": "auth.permission", "pk": 29, "fields": {"name": "Can add user", "content_type": 8, "codename": "add_shopuser"}}, {"model": "auth.permission", "pk": 30, "fields": {"name": "Can change user", "content_type": 8, "codename": "change_shopuser"}}, {"model": "auth.permission", "pk": 31, "fields": {"name": "Can delete user", "content_type": 8, "codename": "delete_shopuser"}}, {"model": "auth.permission", "pk": 32, "fields": {"name": "Can view user", "content_type": 8, "codename": "view_shopuser"}}, {"model": "auth.permission", "pk": 33, "fields": {"name": "Can add basket", "content_type": 9, "codename": "add_basket"}}, {"model": "auth.permission", "pk": 34, "fields": {"name": "Can change basket", "content_type": 9, "codename": "change_basket"}}, {"model": "auth.permission", "pk": 35, "fields": {"name": "Can delete basket", "content_type": 9, "codename": "delete_basket"}}, {"model": "auth.permission", "pk": 36, "fields": {"name": "Can view basket", "content_type": 9, "codename": "view_basket"}}, {"model": "auth.permission", "pk": 37, "fields": {"name": "Can add association", "content_type": 10, "codename": "add_association"}}, {"model": "auth.permission", "pk": 38, "fields": {"name": "Can change association", "content_type": 10, "codename": "change_association"}}, {"model": "auth.permission", "pk": 39, "fields": {"name": "Can delete association", "content_type": 10, "codename": "delete_association"}}, {"model": "auth.permission", "pk": 40, "fields": {"name": "Can view association", "content_type": 10, "codename": "view_association"}}, {"model": "auth.permission", "pk": 41, "fields": {"name": "Can add code", "content_type": 11, "codename": "add_code"}}, {"model": "auth.permission", "pk": 42, "fields": {"name": "Can change code", "content_type": 11, "codename": "change_code"}}, {"model": "auth.permission", "pk": 43, "fields": {"name": "Can delete code", "content_type": 11, "codename": "delete_code"}}, {"model": "auth.permission", "pk": 44, "fields": {"name": "Can view code", "content_type": 11, "codename": "view_code"}}, {"model": "auth.permission", "pk": 45, "fields": {"name": "Can add nonce", "content_type": 12, "codename": "add_nonce"}}, {"model": "auth.permission", "pk": 46, "fields": {"name": "Can change nonce", "content_type": 12, "codename": "change_nonce"}}, {"model": "auth.permission", "pk": 47, "fields": {"name": "Can delete nonce", "content_type": 12, "codename": "delete_nonce"}}, {"model": "auth.permission", "pk": 48, "fields": {"name": "Can view nonce", "content_type": 12, "codename": "view_nonce"}}, {"model": "auth.permission", "pk": 49, "fields": {"name": "Can add user social auth", "content_type": 13, "codename": "add_usersocialauth"}}, {"model": "auth.permission", "pk": 50, "fields": {"name": "Can change user social auth", "content_type": 13, "codename": "change_usersocialauth"}}, {"model": "auth.permission", "pk": 51, "fields": {"name": "Can delete user social auth", "content_type": 13, "codename": "delete_usersocialauth"}}, {"model": "auth.permission", "pk": 52, "fields": {"name": "Can view user social auth", "content_type": 13, "codename": "view_usersocialauth"}}, {"model": "auth.permission", "pk": 53, "fields": {"name": "Can add partial", "content_type": 14, "codename": "add_partial"}}, {"model": "auth.permission", "pk": 54, "fields": {"name": "Can change partial", "content_type": 14, "codename": "change_partial"}}, {"model": "auth.permission", "pk": 55, "fields": {"name": "Can delete partial", "content_type": 14, "codename": "delete_partial"}}, {"model": "auth.permission", "pk": 56, "fields": {"name": "Can view partial", "content_type": 14, "codename": "view_partial"}}, {"model": "auth.permission", "pk": 57, "fields": {"name": "Can add shop user profile", "content_type": 15, "codename": "add_shopuserprofile"}}, {"model": "auth.permission", "pk": 58, "fields": {"name": "Can change shop user profile", "content_type": 15, "codename": "change_shopuserprofile"}}, {"model": "auth.permission", "pk": 59, "fields": {"name": "Can delete shop user profile", "content_type": 15, "codename": "delete_shopuserprofile"}}, {"model": "auth.permission", "pk": 60, "fields": {"name": "Can view shop user profile", "content_type": 15, "codename": "view_shopuserprofile"}}, {"model": "auth.permission", "pk": 61, "fields": {"name": "Can add \u0437\u0430\u043a\u0430\u0437", "content_type": 16, "codename": "add_order"}}, {"model": "auth.permission", "pk": 62, "fields": {"name": "Can change \u0437\u0430\u043a\u0430\u0437", "content_type": 16, "codename": "change_order"}}, {"model": "auth.permission", "pk": 63, "fields": {"name": "Can delete \u0437\u0430\u043a\u0430\u0437", "content_type": 16, "codename": "delete_order"}}, {"model": "auth.permission", "pk": 64, "fields": {"name": "Can view \u0437\u0430\u043a\u0430\u0437", "content_type": 16, "codename": "view_order"}}, {"model": "auth.permission", "pk": 65, "fields": {"name": "Can add order item", "content_type": 17, "codename": "add_orderitem"}}, {"model": "auth.permission", "pk": 66, "fields": {"name": "Can change order item", "content_type": 17, "codename": "change_orderitem"}}, {"model": "auth.permission", "pk": 67, "fields": {"name": "Can delete order item", "content_type": 17, "codename": "delete_orderitem"}}, {"model": "auth.permission", "pk": 68, "fields": {"name": "Can view order item", "content_type": 17, "codename": "view_orderitem"}}, {"model": "sessions.session", "pk": "3eaqzns02ksoc34ubts8jcuss3plryoc", "fields": {"session_data": "Y2Y3MTFmNjg4NjBjOTY0NjgyZjM1Nzc3ZWRkMGY3Mzc5NTY2MTU5ZDp7Il9hdXRoX3VzZXJfaWQiOiIxIiwiX2F1dGhfdXNlcl9iYWNrZW5kIjoiZGphbmdvLmNvbnRyaWIuYXV0aC5iYWNrZW5kcy5Nb2RlbEJhY2tlbmQiLCJfYXV0aF91c2VyX2hhc2giOiJkNGRiYmNkODk4YzA4YjNiZjE3MmVkNzk2ZGZhNzA0ZjU0NjllNzk2In0=", "expire_date": "2020-04-30T12:11:15.953Z"}}, {"model": "sessions.session", "pk": "3jyv14eafootkkv4idk74hnjiad42ai6", "fields": {"session_data": "Y2Y3MTFmNjg4NjBjOTY0NjgyZjM1Nzc3ZWRkMGY3Mzc5NTY2MTU5ZDp7Il9hdXRoX3VzZXJfaWQiOiIxIiwiX2F1dGhfdXNlcl9iYWNrZW5kIjoiZGphbmdvLmNvbnRyaWIuYXV0aC5iYWNrZW5kcy5Nb2RlbEJhY2tlbmQiLCJfYXV0aF91c2VyX2hhc2giOiJkNGRiYmNkODk4YzA4YjNiZjE3MmVkNzk2ZGZhNzA0ZjU0NjllNzk2In0=", "expire_date": "2020-04-26T17:17:27.911Z"}}, {"model": "sessions.session", "pk": "5jioq6rfoxenkk6vlodvh9z1ishng2zp", "fields": {"session_data": "Y2Y3MTFmNjg4NjBjOTY0NjgyZjM1Nzc3ZWRkMGY3Mzc5NTY2MTU5ZDp7Il9hdXRoX3VzZXJfaWQiOiIxIiwiX2F1dGhfdXNlcl9iYWNrZW5kIjoiZGphbmdvLmNvbnRyaWIuYXV0aC5iYWNrZW5kcy5Nb2RlbEJhY2tlbmQiLCJfYXV0aF91c2VyX2hhc2giOiJkNGRiYmNkODk4YzA4YjNiZjE3MmVkNzk2ZGZhNzA0ZjU0NjllNzk2In0=", "expire_date": "2020-05-25T13:28:21.776Z"}}, {"model": "sessions.session", "pk": "62uhor6ydumao0ynk15m3ezfl23o38un", "fields": {"session_data": "OGU4NzExYmE1MzhiZjQwZWQ1MGM3YTBhZDEyODhiZDYxZDRhYmRjMjp7Im5leHQiOiIvIiwidmstb2F1dGgyX3N0YXRlIjoidlFOYVhHUTFmY093bTd6Y1hIdHBmbTA2V05kM1p5RjYiLCJfYXV0aF91c2VyX2lkIjoiMzIiLCJfYXV0aF91c2VyX2JhY2tlbmQiOiJzb2NpYWxfY29yZS5iYWNrZW5kcy52ay5WS09BdXRoMiIsIl9hdXRoX3VzZXJfaGFzaCI6IjM3ODNjZTkyZDFhY2FhMTA0YzU2YWY2MDY4ODg5YWNhZTg0ZGRhMDIiLCJzb2NpYWxfYXV0aF9sYXN0X2xvZ2luX2JhY2tlbmQiOiJ2ay1vYXV0aDIifQ==", "expire_date": "2020-05-23T12:48:04.758Z"}}, {"model": "sessions.session", "pk": "6sryf3e9xv4ttmluv4ybyrp4bm556m7u", "fields": {"session_data": "Y2Y3MTFmNjg4NjBjOTY0NjgyZjM1Nzc3ZWRkMGY3Mzc5NTY2MTU5ZDp7Il9hdXRoX3VzZXJfaWQiOiIxIiwiX2F1dGhfdXNlcl9iYWNrZW5kIjoiZGphbmdvLmNvbnRyaWIuYXV0aC5iYWNrZW5kcy5Nb2RlbEJhY2tlbmQiLCJfYXV0aF91c2VyX2hhc2giOiJkNGRiYmNkODk4YzA4YjNiZjE3MmVkNzk2ZGZhNzA0ZjU0NjllNzk2In0=", "expire_date": "2020-05-16T16:15:20.616Z"}}, {"model": "sessions.session", "pk": "e51pzeu5zaaq2vkmsmxoj0yl4mjmtg9a", "fields": {"session_data": "Y2Y3MTFmNjg4NjBjOTY0NjgyZjM1Nzc3ZWRkMGY3Mzc5NTY2MTU5ZDp7Il9hdXRoX3VzZXJfaWQiOiIxIiwiX2F1dGhfdXNlcl9iYWNrZW5kIjoiZGphbmdvLmNvbnRyaWIuYXV0aC5iYWNrZW5kcy5Nb2RlbEJhY2tlbmQiLCJfYXV0aF91c2VyX2hhc2giOiJkNGRiYmNkODk4YzA4YjNiZjE3MmVkNzk2ZGZhNzA0ZjU0NjllNzk2In0=", "expire_date": "2020-05-20T11:08:54.438Z"}}, {"model": "sessions.session", "pk": "edg4ujsrpmfvvjo09nu0sy1s4vov1gal", "fields": {"session_data": "Y2Y3MTFmNjg4NjBjOTY0NjgyZjM1Nzc3ZWRkMGY3Mzc5NTY2MTU5ZDp7Il9hdXRoX3VzZXJfaWQiOiIxIiwiX2F1dGhfdXNlcl9iYWNrZW5kIjoiZGphbmdvLmNvbnRyaWIuYXV0aC5iYWNrZW5kcy5Nb2RlbEJhY2tlbmQiLCJfYXV0aF91c2VyX2hhc2giOiJkNGRiYmNkODk4YzA4YjNiZjE3MmVkNzk2ZGZhNzA0ZjU0NjllNzk2In0=", "expire_date": "2020-05-12T08:49:55.859Z"}}, {"model": "sessions.session", "pk": "iaov87h8k0g86hga7ci9z3x349nj0lcu", "fields": {"session_data": "ZWUwZTBjNjlhYTBmZGNlZWQ1ZDNlYTg0ZmI1MTk3NzgxYTA5YmExYTp7Il9hdXRoX3VzZXJfaWQiOiIzMSIsIl9hdXRoX3VzZXJfYmFja2VuZCI6ImRqYW5nby5jb250cmliLmF1dGguYmFja2VuZHMuTW9kZWxCYWNrZW5kIiwiX2F1dGhfdXNlcl9oYXNoIjoiZWU1ZmUwYTM1ZTI3NTNmZmUxZWZjZTg0ZDJkYTA0NDdlNDEyMjZjOCJ9", "expire_date": "2020-06-03T09:34:35.497Z"}}, {"model": "sessions.session", "pk": "ig8y69nbkiirifocya79bq6dwfw9wh6x", "fields": {"session_data": "Y2Y3MTFmNjg4NjBjOTY0NjgyZjM1Nzc3ZWRkMGY3Mzc5NTY2MTU5ZDp7Il9hdXRoX3VzZXJfaWQiOiIxIiwiX2F1dGhfdXNlcl9iYWNrZW5kIjoiZGphbmdvLmNvbnRyaWIuYXV0aC5iYWNrZW5kcy5Nb2RlbEJhY2tlbmQiLCJfYXV0aF91c2VyX2hhc2giOiJkNGRiYmNkODk4YzA4YjNiZjE3MmVkNzk2ZGZhNzA0ZjU0NjllNzk2In0=", "expire_date": "2020-05-04T12:44:27.649Z"}}, {"model": "sessions.session", "pk": "kuf3e4yt1v0t05xqea5wxgonj7uq0oi8", "fields": {"session_data": "Y2Y3MTFmNjg4NjBjOTY0NjgyZjM1Nzc3ZWRkMGY3Mzc5NTY2MTU5ZDp7Il9hdXRoX3VzZXJfaWQiOiIxIiwiX2F1dGhfdXNlcl9iYWNrZW5kIjoiZGphbmdvLmNvbnRyaWIuYXV0aC5iYWNrZW5kcy5Nb2RlbEJhY2tlbmQiLCJfYXV0aF91c2VyX2hhc2giOiJkNGRiYmNkODk4YzA4YjNiZjE3MmVkNzk2ZGZhNzA0ZjU0NjllNzk2In0=", "expire_date": "2020-05-19T19:55:41.908Z"}}, {"model": "sessions.session", "pk": "lajw0r4vgejdagjtmo0e77ih1w9u3gdr", "fields": {"session_data": "YjFmMjU4NDc0MDAzNTlhMzNjYjViYTljMzM0ZDIxZjEyMTg0MmFiZTp7Il9hdXRoX3VzZXJfaWQiOiIzMyIsIl9hdXRoX3VzZXJfYmFja2VuZCI6ImRqYW5nby5jb250cmliLmF1dGguYmFja2VuZHMuTW9kZWxCYWNrZW5kIiwiX2F1dGhfdXNlcl9oYXNoIjoiOGE0MTIxZWIxY2M1NzA5MjRjZWQ4NTA0Yzg0MjdlYTk1MDIxZDBlMCJ9", "expire_date": "2020-05-26T11:29:29.924Z"}}, {"model": "sessions.session", "pk": "nz684t6auioerkysdfxmmlrest00cjdk", "fields": {"session_data": "YjFmMjU4NDc0MDAzNTlhMzNjYjViYTljMzM0ZDIxZjEyMTg0MmFiZTp7Il9hdXRoX3VzZXJfaWQiOiIzMyIsIl9hdXRoX3VzZXJfYmFja2VuZCI6ImRqYW5nby5jb250cmliLmF1dGguYmFja2VuZHMuTW9kZWxCYWNrZW5kIiwiX2F1dGhfdXNlcl9oYXNoIjoiOGE0MTIxZWIxY2M1NzA5MjRjZWQ4NTA0Yzg0MjdlYTk1MDIxZDBlMCJ9", "expire_date": "2020-05-26T12:20:27.830Z"}}, {"model": "sessions.session", "pk": "oxkvbfj20u96t4hrvollhwshmfgi4gc0", "fields": {"session_data": "Y2Y3MTFmNjg4NjBjOTY0NjgyZjM1Nzc3ZWRkMGY3Mzc5NTY2MTU5ZDp7Il9hdXRoX3VzZXJfaWQiOiIxIiwiX2F1dGhfdXNlcl9iYWNrZW5kIjoiZGphbmdvLmNvbnRyaWIuYXV0aC5iYWNrZW5kcy5Nb2RlbEJhY2tlbmQiLCJfYXV0aF91c2VyX2hhc2giOiJkNGRiYmNkODk4YzA4YjNiZjE3MmVkNzk2ZGZhNzA0ZjU0NjllNzk2In0=", "expire_date": "2020-04-29T09:27:14.347Z"}}, {"model": "sessions.session", "pk": "p2ax08iynntsbkn92yt8mfy2c3z9gx7o", "fields": {"session_data": "Y2Y3MTFmNjg4NjBjOTY0NjgyZjM1Nzc3ZWRkMGY3Mzc5NTY2MTU5ZDp7Il9hdXRoX3VzZXJfaWQiOiIxIiwiX2F1dGhfdXNlcl9iYWNrZW5kIjoiZGphbmdvLmNvbnRyaWIuYXV0aC5iYWNrZW5kcy5Nb2RlbEJhY2tlbmQiLCJfYXV0aF91c2VyX2hhc2giOiJkNGRiYmNkODk4YzA4YjNiZjE3MmVkNzk2ZGZhNzA0ZjU0NjllNzk2In0=", "expire_date": "2020-04-29T19:35:55.591Z"}}, {"model": "sessions.session", "pk": "pxcpberrmpjd2hwwxspst773d3n6pnui", "fields": {"session_data": "Y2Y3MTFmNjg4NjBjOTY0NjgyZjM1Nzc3ZWRkMGY3Mzc5NTY2MTU5ZDp7Il9hdXRoX3VzZXJfaWQiOiIxIiwiX2F1dGhfdXNlcl9iYWNrZW5kIjoiZGphbmdvLmNvbnRyaWIuYXV0aC5iYWNrZW5kcy5Nb2RlbEJhY2tlbmQiLCJfYXV0aF91c2VyX2hhc2giOiJkNGRiYmNkODk4YzA4YjNiZjE3MmVkNzk2ZGZhNzA0ZjU0NjllNzk2In0=", "expire_date": "2020-05-05T06:32:19.845Z"}}, {"model": "sessions.session", "pk": "qdi6zbfrdmv13ol55ndjkhouzjy32afx", "fields": {"session_data": "Y2Y3MTFmNjg4NjBjOTY0NjgyZjM1Nzc3ZWRkMGY3Mzc5NTY2MTU5ZDp7Il9hdXRoX3VzZXJfaWQiOiIxIiwiX2F1dGhfdXNlcl9iYWNrZW5kIjoiZGphbmdvLmNvbnRyaWIuYXV0aC5iYWNrZW5kcy5Nb2RlbEJhY2tlbmQiLCJfYXV0aF91c2VyX2hhc2giOiJkNGRiYmNkODk4YzA4YjNiZjE3MmVkNzk2ZGZhNzA0ZjU0NjllNzk2In0=", "expire_date": "2020-06-02T07:12:55.333Z"}}, {"model": "sessions.session", "pk": "rsx2xa5hhva2c73ad8w039t9tt5e0erb", "fields": {"session_data": "Y2Y3MTFmNjg4NjBjOTY0NjgyZjM1Nzc3ZWRkMGY3Mzc5NTY2MTU5ZDp7Il9hdXRoX3VzZXJfaWQiOiIxIiwiX2F1dGhfdXNlcl9iYWNrZW5kIjoiZGphbmdvLmNvbnRyaWIuYXV0aC5iYWNrZW5kcy5Nb2RlbEJhY2tlbmQiLCJfYXV0aF91c2VyX2hhc2giOiJkNGRiYmNkODk4YzA4YjNiZjE3MmVkNzk2ZGZhNzA0ZjU0NjllNzk2In0=", "expire_date": "2020-04-29T13:59:05.615Z"}}, {"model": "sessions.session", "pk": "ujk7jtsvfhe1apfdx1rt21zpyysxoqpz", "fields": {"session_data": "ODFlYjFmNTc1ZDJjZDhjMWI5MGM1MzgzZmVmY2E1NmNhNGI4MWFlYTp7Im5leHQiOiIvIiwidmstb2F1dGgyX3N0YXRlIjoiZThCWnNLaHBOYlFrakpYMzJkTzN3dWxyREJrekRCYmIiLCJfYXV0aF91c2VyX2lkIjoiMzIiLCJfYXV0aF91c2VyX2JhY2tlbmQiOiJzb2NpYWxfY29yZS5iYWNrZW5kcy52ay5WS09BdXRoMiIsIl9hdXRoX3VzZXJfaGFzaCI6IjM3ODNjZTkyZDFhY2FhMTA0YzU2YWY2MDY4ODg5YWNhZTg0ZGRhMDIiLCJzb2NpYWxfYXV0aF9sYXN0X2xvZ2luX2JhY2tlbmQiOiJ2ay1vYXV0aDIifQ==", "expire_date": "2020-05-25T13:34:00.024Z"}}, {"model": "sessions.session", "pk": "xbgduztjiorc1yf9fdkwfiab2kh8xqz9", "fields": {"session_data": "YjFmMjU4NDc0MDAzNTlhMzNjYjViYTljMzM0ZDIxZjEyMTg0MmFiZTp7Il9hdXRoX3VzZXJfaWQiOiIzMyIsIl9hdXRoX3VzZXJfYmFja2VuZCI6ImRqYW5nby5jb250cmliLmF1dGguYmFja2VuZHMuTW9kZWxCYWNrZW5kIiwiX2F1dGhfdXNlcl9oYXNoIjoiOGE0MTIxZWIxY2M1NzA5MjRjZWQ4NTA0Yzg0MjdlYTk1MDIxZDBlMCJ9", "expire_date": "2020-05-26T11:29:36.050Z"}}, {"model": "sessions.session", "pk": "xs6htchzyfmy8u0gxsiu3n7nz2z1509c", "fields": {"session_data": "YzZlYzY5ODliNWMyNjUzNDA0YjNiMjM5NTU3NDk2Nzk4YzM5Mzc4Zjp7Il9hdXRoX3VzZXJfaWQiOiIyIiwiX2F1dGhfdXNlcl9iYWNrZW5kIjoiZGphbmdvLmNvbnRyaWIuYXV0aC5iYWNrZW5kcy5Nb2RlbEJhY2tlbmQiLCJfYXV0aF91c2VyX2hhc2giOiI1MmYwOTA4NTNiZjBmZWQ0ZDc5NGVlMjI3YzY0Nzg5YzQzMTRlNDI4In0=", "expire_date": "2020-05-03T09:34:44.804Z"}}, {"model": "sessions.session", "pk": "yqnu4f8e3v1f38okfq0n8mex4dxwcwa4", "fields": {"session_data": "Y2Y3MTFmNjg4NjBjOTY0NjgyZjM1Nzc3ZWRkMGY3Mzc5NTY2MTU5ZDp7Il9hdXRoX3VzZXJfaWQiOiIxIiwiX2F1dGhfdXNlcl9iYWNrZW5kIjoiZGphbmdvLmNvbnRyaWIuYXV0aC5iYWNrZW5kcy5Nb2RlbEJhY2tlbmQiLCJfYXV0aF91c2VyX2hhc2giOiJkNGRiYmNkODk4YzA4YjNiZjE3MmVkNzk2ZGZhNzA0ZjU0NjllNzk2In0=", "expire_date": "2020-05-30T17:21:01.549Z"}}, {"model": "sessions.session", "pk": "zlhg1nx0jfdm06nxki5tm9sp4cw0ibo4", "fields": {"session_data": "Y2Y3MTFmNjg4NjBjOTY0NjgyZjM1Nzc3ZWRkMGY3Mzc5NTY2MTU5ZDp7Il9hdXRoX3VzZXJfaWQiOiIxIiwiX2F1dGhfdXNlcl9iYWNrZW5kIjoiZGphbmdvLmNvbnRyaWIuYXV0aC5iYWNrZW5kcy5Nb2RlbEJhY2tlbmQiLCJfYXV0aF91c2VyX2hhc2giOiJkNGRiYmNkODk4YzA4YjNiZjE3MmVkNzk2ZGZhNzA0ZjU0NjllNzk2In0=", "expire_date": "2020-04-26T13:35:40.849Z"}}, {"model": "mainapp.productcategory", "pk": 2, "fields": {"name": "\u0434\u043e\u043c", "description": "\u043c\u0435\u0431\u0435\u043b\u044c \u0434\u043b\u044f \u0434\u043e\u043c\u0430", "is_active": true}}, {"model": "mainapp.productcategory", "pk": 3, "fields": {"name": "\u043e\u0444\u0438\u0441", "description": "\u043c\u0435\u0431\u0435\u043b\u044c \u0434\u043b\u044f \u043e\u0444\u0438\u0441\u0430", "is_active": true}}, {"model": "mainapp.productcategory", "pk": 4, "fields": {"name": "\u043c\u043e\u0434\u0435\u0440\u043d", "description": "\u043c\u0435\u0431\u0435\u043b\u044c \u0432 \u0441\u0442\u0438\u043b\u0435 \u043c\u043e\u0434\u0435\u0440\u043d.", "is_active": true}}, {"model": "mainapp.productcategory", "pk": 5, "fields": {"name": "\u043a\u043b\u0430\u0441\u0441\u0438\u043a\u0430", "description": "\u043a\u043b\u0430\u0441\u0441\u0438\u0447\u0435\u0441\u043a\u0430\u044f \u043c\u0435\u0431\u0435\u043b\u044c", "is_active": true}}, {"model": "mainapp.productcategory", "pk": 6, "fields": {"name": "\u0411\u0443\u043d\u0433\u0430\u043b\u043e", "description": "\u0432 \u0441\u0442\u0438\u043b\u0435 \u0431\u0443\u043d\u0433\u0430\u043b\u043e", "is_active": false}}, {"model": "mainapp.product", "pk": 6, "fields": {"category": 2, "name": "\u043a\u043e\u043c\u0444\u043e\u0440\u0442 1", "image": "product_images/product-21_zRYyNBr_8n9ZIEU_my4N4gL.jpg", "short_desc": "\u043a\u043e\u043c\u0444\u043e\u0440\u0442\u043d\u044b\u0439 \u0441\u0442\u0443\u043b", "description": "\u043f\u043e\u0434\u043e\u0439\u0434\u0451\u0442 \u0434\u043b\u044f \u043f\u0440\u043e\u0441\u043c\u043e\u0442\u0440\u0430 \u0444\u0438\u043b\u044c\u043c\u043e\u0432", "price": "3599.50", "quantity": 29, "is_active": true}}, {"model": "mainapp.product", "pk": 7, "fields": {"category": 2, "name": "\u043a\u043e\u043c\u0444\u043e\u0440\u0442 2", "image": "product_images/sc-026-krasny_xJLEnZE_WEOkLnH.jpg", "short_desc": "\u043e\u0447\u0435\u043d\u044c \u043a\u043e\u043c\u0444\u043e\u0440\u0442\u043d\u044b\u0439 \u0441\u0442\u0443\u043b", "description": "\u043f\u043e\u0434\u043e\u0439\u0434\u0451\u0442 \u0434\u043b\u044f \u043e\u0431\u0449\u0435\u043d\u0438\u044f \u0441 \u043b\u0443\u0447\u0448\u0438\u043c\u0438 \u0434\u0440\u0443\u0437\u044c\u044f\u043c\u0438", "price": "36892.00", "quantity": 37, "is_active": true}}, {"model": "mainapp.product", "pk": 8, "fields": {"category": 2, "name": "\u043b\u044e\u043a\u0441", "image": "product_images/scaun-modern_VbsJMLV.jpg", "short_desc": "\u0438\u0441\u043f\u043e\u043b\u044c\u0437\u043e\u0432\u0430\u043d\u044b \u043f\u0440\u0435\u043c\u0438\u0430\u043b\u044c\u043d\u044b\u0435 \u043c\u0430\u0442\u0435\u0440\u0438\u0430\u043b\u044b", "description": "\u0434\u043b\u044f \u0442\u0435\u0445,\u043a\u0442\u043e \u0441\u0442\u0440\u0435\u043c\u0438\u0442\u0441\u044f \u043a \u043b\u0443\u0447\u0448\u0435\u043c\u0443", "price": "8150.55", "quantity": 7, "is_active": true}}, {"model": "mainapp.product", "pk": 9, "fields": {"category": 3, "name": "\u0441\u0442\u0430\u043d\u0434\u0430\u0440\u0442", "image": "product_images/stul_YaCDvFH_Mg72vwo.jpg", "short_desc": "\u0443\u043d\u0438\u0432\u0435\u0440\u0441\u0430\u043b\u044c\u043d\u043e\u0435 \u0440\u0435\u0448\u0435\u043d\u0438\u0435", "description": "\u043f\u043e\u0434\u043e\u0439\u0434\u0451\u0442 \u0434\u043b\u044f \u043b\u044e\u0431\u043e\u0433\u043e \u043e\u0444\u0438\u0441\u0430", "price": "189.25", "quantity": 36, "is_active": true}}, {"model": "mainapp.product", "pk": 10, "fields": {"category": 3, "name": "\u043f\u0440\u0435\u043c\u0438\u0443\u043c", "image": "product_images/stul-dc3503-1_NGdr0Pe_uEems2P.jpg", "short_desc": "\u0435\u0449\u0451 \u043a\u0440\u0430\u0441\u0438\u0432\u044b\u0439 \u0441\u0442\u0443\u043b", "description": "\u043e\u0447\u0435\u043d\u044c \u043a\u0440\u0430\u0441\u0438\u0432\u044b\u0439 \u0441\u0442\u0443\u043b", "price": "1750.25", "quantity": 32, "is_active": true}}, {"model": "mainapp.product", "pk": 11, "fields": {"category": 4, "name": "\u043d\u043e\u0432\u0438\u043d\u043a\u0430", "image": "product_images/product-61.jpg", "short_desc": "\u0432\u0430\u0437\u0430", "description": "\u0434\u043b\u044f \u043a\u0443\u0445\u043d\u0438", "price": "8999.00", "quantity": 21, "is_active": true}}, {"model": "mainapp.product", "pk": 12, "fields": {"category": 5, "name": "\u043f\u0440\u043e\u0433\u0440\u0435\u0441\u0441", "image": "product_images/product-4-sm.jpg", "short_desc": "\u0447\u0430\u0441\u044b \u043d\u0430\u0441\u0442\u0435\u043d\u043d\u044b\u0435", "description": "\u0447\u0430\u0441\u044b \u0432 \u0441\u0442\u0438\u043b\u0435 \u043c\u0438\u043d\u0438\u043c\u0430\u043b\u0438\u0437\u043c", "price": "1980.00", "quantity": 59, "is_active": true}}, {"model": "mainapp.product", "pk": 14, "fields": {"category": 5, "name": "\u0442\u043e\u0441\u043a\u0430\u043d\u0430", "image": "product_images/product-31.jpg", "short_desc": "\u043b\u0430\u043c\u043f\u0430 \u043d\u0430\u0441\u0442\u043e\u043b\u044c\u043d\u0430\u044f", "description": "\u043a\u0440\u0430\u0441\u0438\u0432\u0430\u044f \u043b\u0430\u043c\u043f\u0430 \u043d\u0430\u0441\u0442\u043e\u043b\u044c\u043d\u0430\u044f", "price": "15200.35", "quantity": 17, "is_active": true}}, {"model": "mainapp.product", "pk": 15, "fields": {"category": 5, "name": "\u0440\u0438\u043c", "image": "product_images/product-51.jpg", "short_desc": "\u0432\u0430\u0437\u0430", "description": "\u0432\u0430\u0437\u0430 \u0447\u0451\u0440\u043d\u0430\u044f", "price": "2300.00", "quantity": 16, "is_active": true}}, {"model": "mainapp.product", "pk": 16, "fields": {"category": 4, "name": "\u043c\u0430\u0434\u0435\u0439\u0440\u0430", "image": "product_images/product-41_8rO0CqU.jpg", "short_desc": "\u043b\u0430\u043c\u043f\u0430 \u043d\u0430\u0441\u0442\u0435\u043d\u043d\u0430\u044f", "description": "\u043b\u0430\u043c\u043f\u0430 \u0440\u043e\u0436\u043a\u043e\u0432\u0430\u044f \u0432 \u0441\u0442\u0438\u043b\u0435 \u043c\u0438\u043d\u0438\u043c\u0430\u043b\u0438\u0437\u043c", "price": "5600.00", "quantity": 12, "is_active": true}}, {"model": "mainapp.product", "pk": 17, "fields": {"category": 5, "name": "\u0432\u0435\u043d\u0435\u0446\u0438\u044f", "image": "product_images/product-11_7v0oNyv.jpg", "short_desc": "\u043b\u0430\u043c\u043f\u0430 \u043f\u043e\u0442\u043e\u043b\u043e\u0447\u043d\u0430\u044f", "description": "\u043b\u0430\u043c\u043f\u0430 \u043f\u043e\u0442\u043e\u043b\u043e\u0447\u043d\u0430\u044f \u0432\u0435\u043d\u0435\u0446\u0438\u044f", "price": "5666.25", "quantity": 19, "is_active": true}}, {"model": "mainapp.product", "pk": 18, "fields": {"category": 4, "name": "\u043a\u0440\u0430\u0441\u043d\u044b\u0439", "image": "product_images/product-4_oWz4Phx.jpg", "short_desc": "\u041a\u0440\u0430\u0441\u0438\u0432\u044b\u0439", "description": "\u0441\u0442\u0443\u043b \u043a\u0440\u0430\u0441\u043d\u044b\u0439 \u0434\u043b\u044f \u0433\u043e\u0441\u0442\u0438\u043d\u043d\u043e\u0439", "price": "56200.50", "quantity": 44, "is_active": true}}, {"model": "mainapp.product", "pk": 19, "fields": {"category": 3, "name": "\u0441\u0442\u0443\u043b \u0434\u0435\u0440\u0435\u0432\u044f\u043d\u043d\u044b\u0439", "image": "product_images/slider1_spryGr2.jpg", "short_desc": "\u0441\u0442\u0443\u043b \u043a\u0443\u0445\u043e\u043d\u043d\u044b\u0439", "description": "\u0441\u0442\u0443\u043b \u043a\u0430\u043a \u0441\u0442\u0443\u043b", "price": "1700.00", "quantity": 63, "is_active": true}}, {"model": "mainapp.product", "pk": 20, "fields": {"category": 3, "name": "\u0432\u043e\u043b\u043e\u0433\u0434\u0430", "image": "product_images/product-2.jpg", "short_desc": "\u0435\u0449\u0451 \u0441\u0442\u0443\u043b \u0442\u0430\u043a \u0441\u0435\u0431\u0435", "description": "\u0434\u043b\u044f \u0437\u0430\u043b\u0430.", "price": "4500.00", "quantity": 20, "is_active": true}}, {"model": "mainapp.product", "pk": 21, "fields": {"category": 4, "name": "\u0422\u043e\u0440\u0448\u0435\u04402", "image": "product_images/product-2-sm_oAhR5Df.jpg", "short_desc": "\u0442\u043e\u0440\u0448\u0435\u0440 \u043d\u0430\u0441\u0442\u0435\u043d\u043d\u044b\u0439", "description": "\u0442\u043e\u0440\u0448\u0435\u0440 \u043d\u0430\u0441\u0442\u0435\u043d\u043d\u044b\u0439", "price": "12365.50", "quantity": 14, "is_active": true}}, {"model": "mainapp.product", "pk": 22, "fields": {"category": 2, "name": "\u043b\u0430\u043c\u043f\u04303", "image": "product_images/product-1_XU5oFAO.jpg", "short_desc": "\u043b\u0430\u043c\u043f\u0430 \u043d\u0430\u0441\u0442\u043e\u043b\u044c\u043d\u0430\u044f", "description": "\u043b\u0430\u043c\u043f\u0430 \u043d\u0430\u0441\u0442\u043e\u043b\u044c\u043d\u0430\u044f \u0445\u043e\u0440\u043e\u0448\u0430\u044f", "price": "2700.00", "quantity": 5, "is_active": true}}, {"model": "mainapp.product", "pk": 23, "fields": {"category": 5, "name": "\u043b\u0430\u043c\u043f\u04304", "image": "product_images/product-5-sm_j6BvYWK.jpg", "short_desc": "\u043b\u0430\u043c\u043f\u0430 \u043f\u043e\u0442\u043e\u043b\u043e\u0447\u043d\u0430\u044f", "description": "\u043b\u0430\u043c\u043f\u0430 \u043f\u043e\u0442\u043e\u043b\u043e\u0447\u043d\u0430\u044f \u0447\u0451\u0440\u043d\u0430\u044f", "price": "5600.00", "quantity": 12, "is_active": true}}, {"model": "mainapp.product", "pk": 24, "fields": {"category": 5, "name": "\u0447\u0430\u0439\u043d\u0438\u043a1", "image": "product_images/product-3_eT9gLux.jpg", "short_desc": "\u0447\u0430\u0439\u043d\u0438\u043a", "description": "\u0447\u0430\u0439\u043d\u0438\u043a \u043a\u0443\u0445\u043e\u043d\u043d\u044b\u0439", "price": "4500.00", "quantity": 0, "is_active": true}}, {"model": "mainapp.product", "pk": 25, "fields": {"category": 2, "name": "\u043a\u043e\u0440\u043e\u0431\u043a\u0430", "image": "product_images/znak_TcT8TCY.jpg", "short_desc": "\u043a\u043e\u0440\u043e\u0431\u043a\u0430 \u0447\u0435\u0440\u043d\u0430\u044f", "description": "\u043a\u043e\u0440\u043e\u0431\u043a\u0430 \u0447\u0435\u0440\u043d\u0430\u044f", "price": "150.00", "quantity": 50, "is_active": true}}, {"model": "mainapp.product", "pk": 26, "fields": {"category": 4, "name": "\u0441\u0442\u043e\u043b", "image": "product_images/stol.jpg", "short_desc": "\u0441\u0442\u043e\u043b \u0434\u043b\u044f \u0433\u043e\u0441\u0442\u0438\u043d\u043e\u0439", "description": "\u0441\u0442\u043e\u043b \u0434\u043b\u044f \u0433\u043e\u0441\u0442\u0438\u043d\u043e\u0439 \u043c\u0430\u043b\u044b\u0439", "price": "12250.00", "quantity": 9, "is_active": true}}, {"model": "mainapp.product", "pk": 27, "fields": {"category": 5, "name": "\u0434\u0438\u0432\u0430\u043d \u0442\u0435\u043c\u043d\u044b\u0439", "image": "product_images/product-3-sm.jpg", "short_desc": "\u0434\u0438\u0432\u0430\u043d  \u043a\u043e\u0436\u0430\u043d\u044b\u0439  \u0442\u0451\u043c\u043d\u043e\u0433\u043e \u0446\u0432\u0435\u0442\u0430", "description": "\u0434\u0438\u0432\u0430\u043d  \u043a\u043e\u0436\u0430\u043d\u044b\u0439  \u0442\u0451\u043c\u043d\u043e\u0433\u043e \u0446\u0432\u0435\u0442\u0430 \u0434\u043b\u044f \u0431\u043e\u043b\u044c\u0448\u043e\u0439 \u0441\u0435\u043c\u044c\u0438", "price": "758000.50", "quantity": 9, "is_active": true}}, {"model": "mainapp.product", "pk": 28, "fields": {"category": 2, "name": "\u043a\u043e\u0440\u043e\u0431\u043a\u0430", "image": "product_images/znak_Iy7ExTW.jpg", "short_desc": "\u043a\u043e\u0440\u043e\u0431\u043a\u0430 \u043a\u043e\u0440\u043e\u0431\u043a\u0430", "description": "\u043a\u043e\u0440\u043e\u0431\u043a\u0430 \u0447\u0451\u0440\u043d\u0430\u044f", "price": "150.00", "quantity": 11, "is_active": false}}, {"model": "mainapp.product", "pk": 29, "fields": {"category": 2, "name": "\u043a\u043e\u0440\u043e\u0431\u043a\u0430", "image": "product_images/znak_TcT8TCY.jpg", "short_desc": "\u043a\u043e\u0440\u043e\u0431\u043a\u0430 \u0447\u0435\u0440\u043d\u0430\u044f", "description": "\u043a\u043e\u0440\u043e\u0431\u043a\u0430 \u0447\u0435\u0440\u043d\u0430\u044f \u043a\u043e\u0440\u043e\u0431\u043a\u0430 \u0447\u0435\u0440\u043d\u0430\u044f", "price": "150.00", "quantity": 11, "is_active": true}}, {"model": "authapp.shopuser", "pk": 31, "fields": {"password": "pbkdf2_sha256$150000$M3gwKX6SkXWq$ygavfrB3WGG11ZTTR3hjmhjtjzaN2jGWwElVEKtMWDg=", "last_login": "2020-05-20T09:34:35.194Z", "is_superuser": true, "username": "Gogol", "first_name": "Gogol", "last_name": "", "email": "ss2576_3@mail.ru", "is_staff": false, "is_active": true, "date_joined": "2020-05-06T10:11:21Z", "avatar": "", "age": 23, "activation_key": "d6b2a1c7cd3a2ae808c7e0c94c554b6791786d20", "activation_key_expires": "2020-05-08T09:48:37Z", "groups": [], "user_permissions": []}}, {"model": "authapp.shopuser", "pk": 32, "fields": {"password": "!kAHK2EceOW8hkSDR3faX9jXdqM7mYwdmxkgfHQ84", "last_login": "2020-05-16T12:45:45.004Z", "is_superuser": false, "username": "id596581809", "first_name": "\u0421\u0435\u0440\u0433\u0435\u0439 \u0421\u0435\u0440\u0433\u0435\u0435\u0432", "last_name": "\u0421\u0435\u0440\u0433\u0435\u0435\u0432", "email": "ss2576@mail.ru", "is_staff": false, "is_active": true, "date_joined": "2020-05-09T11:46:39.737Z", "avatar": "users_avatars/kisspng-woman-head-_6Yw1r26.jpg", "age": 43, "activation_key": "", "activation_key_expires": "2020-05-11T11:46:25.253Z", "groups": [], "user_permissions": []}}, {"model": "authapp.shopuser", "pk": 46, "fields": {"password": "pbkdf2_sha256$150000$xhILi1Ap5y4I$Ri8aH8xVUjcBMl9kzN45oGdhf6/HYDB17nrL//nU778=", "last_login": null, "is_superuser": false, "username": "qqq", "first_name": "qqq", "last_name": "", "email": "ss2576@mail.ru", "is_staff": false, "is_active": false, "date_joined": "2020-05-17T14:06:57.325Z", "avatar": "", "age": 18, "activation_key": "fe600a1dce78c661a7e3678a812e7efe8c4ab236", "activation_key_expires": "2020-05-19T14:05:57.163Z", "groups": [], "user_permissions": []}}, {"model": "authapp.shopuser", "pk": 47, "fields": {"password": "pbkdf2_sha256$150000$uAehPhPhYVan$7W9ZtIPfCfSaTX1FksftxlcTk9tvHOVYFw0GBdvl9eU=", "last_login": null, "is_superuser": false, "username": "www", "first_name": "www", "last_name": "", "email": "ss2576@mail.ru", "is_staff": false, "is_active": false, "date_joined": "2020-05-17T14:07:33.969Z", "avatar": "", "age": 18, "activation_key": "506b9b9e44734fd7b82b7125489d0b016048a8bf", "activation_key_expires": "2020-05-19T14:07:21.415Z", "groups": [], "user_permissions": []}}, {"model": "authapp.shopuser", "pk": 48, "fields": {"password": "pbkdf2_sha256$150000$CpCh9sAIMfMX$/7Lry82+eL4JRn6BDKe3clac+C0fFbAdaaI8KmdXDaQ=", "last_login": null, "is_superuser": false, "username": "eee", "first_name": "eee", "last_name": "", "email": "ss2576@mail.ru", "is_staff": false, "is_active": false, "date_joined": "2020-05-17T14:08:43.635Z", "avatar": "", "age": 18, "activation_key": "47d76242c6c543c41005d516113fa691ab95ecee", "activation_key_expires": "2020-05-19T14:08:31.456Z", "groups": [], "user_permissions": []}}, {"model": "authapp.shopuser", "pk": 49, "fields": {"password": "pbkdf2_sha256$150000$uOh9Fy595mCA$MPz+DF2avUGO8Pv6oeQ4BPITXWJByKP12SWerINFMng=", "last_login": null, "is_superuser": false, "username": "rrr", "first_name": "rrr", "last_name": "", "email": "ss2576@mail.ru", "is_staff": false, "is_active": false, "date_joined": "2020-05-17T14:15:52.683Z", "avatar": "", "age": 18, "activation_key": "64d415fac5cf0063c734232d45f43f76cc141fab", "activation_key_expires": "2020-05-19T14:15:35.356Z", "groups": [], "user_permissions": []}}, {"model": "authapp.shopuser", "pk": 50, "fields": {"password": "pbkdf2_sha256$150000$SbaV325haUxY$XfitJG/tb4CjzeS8yFxTZdmxWWqTodfTy/QuvZReL6c=", "last_login": null, "is_superuser": false, "username": "ttt", "first_name": "ttt", "last_name": "", "email": "ss2576@mail.ru", "is_staff": false, "is_active": false, "date_joined": "2020-05-17T14:18:03.134Z", "avatar": "", "age": 18, "activation_key": "9ab7f7cc27260062eae3b365db7efe32e77013b9", "activation_key_expires": "2020-05-19T14:17:23.211Z", "groups": [], "user_permissions": []}}, {"model": "authapp.shopuser", "pk": 51, "fields": {"password": "pbkdf2_sha256$150000$P1EYs6qPDtvk$r6URs6uekpvbgq722AxK0hrwchY3VDGg4QP86E6cf78=", "last_login": null, "is_superuser": false, "username": "yyy", "first_name": "yyy", "last_name": "", "email": "ss2576@mail.ru", "is_staff": false, "is_active": false, "date_joined": "2020-05-17T14:19:01.289Z", "avatar": "", "age": 18, "activation_key": "577aff1a46e4d81515f656cb05cebab502f3b661", "activation_key_expires": "2020-05-19T14:18:36.887Z", "groups": [], "user_permissions": []}}, {"model": "authapp.shopuserprofile", "pk": 5, "fields": {"user": 31, "tagline": "", "aboutMe": "", "gender": ""}}, {"model": "authapp.shopuserprofile", "pk": 6, "fields": {"user": 32, "tagline": "", "aboutMe": "", "gender": "M"}}, {"model": "authapp.shopuserprofile", "pk": 20, "fields": {"user": 46, "tagline": "", "aboutMe": "", "gender": ""}}, {"model": "authapp.shopuserprofile", "pk": 21, "fields": {"user": 47, "tagline": "", "aboutMe": "", "gender": ""}}, {"model": "authapp.shopuserprofile", "pk": 22, "fields": {"user": 48, "tagline": "", "aboutMe": "", "gender": ""}}, {"model": "authapp.shopuserprofile", "pk": 23, "fields": {"user": 49, "tagline": "", "aboutMe": "", "gender": ""}}, {"model": "authapp.shopuserprofile", "pk": 24, "fields": {"user": 50, "tagline": "", "aboutMe": "", "gender": ""}}, {"model": "authapp.shopuserprofile", "pk": 25, "fields": {"user": 51, "tagline": "", "aboutMe": "", "gender": ""}}, {"model": "social_django.usersocialauth", "pk": 1, "fields": {"user": 32, "provider": "vk-oauth2", "uid": "596581809", "extra_data": "{\"auth_time\": 1589633144, \"id\": 596581809, \"expires\": 86400, \"access_token\": \"7bd965007cd47359b9af88089163a63d70e742eddcff2b5b4d85b1642bc4c82e57289aaa7f4e17dd1a9c3\", \"token_type\": null}"}}, {"model": "ordersapp.order", "pk": 4, "fields": {"user": 32, "created": "2020-05-12T16:57:21.815Z", "updated": "2020-05-12T18:15:42.476Z", "status": "STP", "is_active": true}}, {"model": "ordersapp.order", "pk": 5, "fields": {"user": 32, "created": "2020-05-12T16:57:29.516Z", "updated": "2020-05-12T16:57:29.737Z", "status": "FM", "is_active": false}}, {"model": "ordersapp.order", "pk": 6, "fields": {"user": 32, "created": "2020-05-12T18:16:11.395Z", "updated": "2020-05-12T18:17:17.945Z", "status": "FM", "is_active": false}}, {"model": "ordersapp.order", "pk": 14, "fields": {"user": 32, "created": "2020-05-16T12:47:06.261Z", "updated": "2020-05-16T12:47:06.440Z", "status": "FM", "is_active": false}}, {"model": "ordersapp.order", "pk": 15, "fields": {"user": 32, "created": "2020-05-16T12:47:17.483Z", "updated": "2020-05-16T12:47:26.709Z", "status": "STP", "is_active": true}}, {"model": "ordersapp.orderitem", "pk": 2, "fields": {"order": 4, "product": 6, "quantity": 2}}, {"model": "ordersapp.orderitem", "pk": 3, "fields": {"order": 5, "product": 16, "quantity": 0}}, {"model": "ordersapp.orderitem", "pk": 4, "fields": {"order": 6, "product": 20, "quantity": 5}}, {"model": "ordersapp.orderitem", "pk": 21, "fields": {"order": 14, "product": 6, "quantity": 0}}, {"model": "ordersapp.orderitem", "pk": 22, "fields": {"order": 15, "product": 7, "quantity": 2}}]